Date,Open,Close,High,Low,Volume
2012-01-19,59.93,60.61,60.73,59.75,9234851
2012-01-20,60.75,61.01,61.25,60.67,10382040
2012-01-23,60.81,60.91,60.98,60.51,7134026
2012-01-24,60.75,61.39,62.00,60.75,7371375
2012-01-25,61.18,61.47,61.61,61.04,5915713
2012-01-26,61.80,60.97,61.84,60.77,7436168
2012-01-27,60.86,60.71,61.12,60.54,6287253
2012-01-30,60.47,61.30,61.32,60.35,7637547
2012-01-31,61.53,61.36,61.57,60.58,9764529
2012-02-01,61.79,62.18,62.63,61.79,12131010
2012-02-02,62.40,61.94,62.47,61.82,6211353
2012-02-03,62.32,62.03,62.43,61.70,7727175
2012-02-06,61.85,61.88,61.98,61.70,5480554
2012-02-07,61.62,61.69,61.90,61.62,6093712
2012-02-08,61.91,61.62,62.02,61.23,7268649
2012-02-09,61.58,61.96,62.16,61.58,6453043
2012-02-10,61.68,61.90,61.91,61.38,5501098
2012-02-13,62.01,61.79,62.08,61.73,4174905
2012-02-14,61.91,62.22,62.24,61.79,5173275
2012-02-15,62.32,61.76,62.44,61.59,5833642
2012-02-16,61.77,62.04,62.19,61.70,7259361
2012-02-17,62.32,62.48,62.57,61.91,8192923
2012-02-21,60.33,60.07,60.50,59.67,23896168
2012-02-22,59.58,58.60,59.91,58.37,28630840
2012-02-23,58.59,58.54,58.90,58.21,14880315
2012-02-24,58.75,58.79,58.95,58.50,9925842
2012-02-27,58.70,58.46,58.78,58.29,12263756
2012-02-28,58.44,58.93,59.10,58.35,10761897
2012-02-29,58.84,59.08,59.33,58.72,11486359
2012-03-01,59.36,58.82,59.42,58.64,16285674
2012-03-02,58.99,59.01,59.28,58.80,9858283
2012-03-05,58.96,59.40,59.59,58.75,9650954
2012-03-06,59.04,58.97,59.22,58.75,9057281
2012-03-07,59.11,59.86,59.86,59.11,14916900
2012-03-08,59.84,59.77,59.95,59.45,7795776
2012-03-09,59.83,60.08,60.20,59.83,6292870
2012-03-12,60.17,60.68,60.90,60.09,7576763
2012-03-13,60.93,61.00,61.08,60.52,8734596
2012-03-14,60.84,61.08,61.15,60.69,6374963
2012-03-15,60.89,61.23,61.26,60.78,6755170
2012-03-16,61.41,60.84,61.47,60.77,12077092
2012-03-19,60.58,60.74,60.88,60.46,8251968
2012-03-20,60.33,60.60,60.86,60.29,7911521
2012-03-21,60.45,60.56,60.72,60.37,7302803
2012-03-22,60.23,60.65,60.77,60.23,5710936
2012-03-23,60.61,60.75,60.85,60.41,6957627
2012-03-26,60.90,61.20,61.32,60.76,6214728
2012-03-27,61.35,61.09,61.50,61.02,7351506
2012-03-28,61.15,61.19,61.48,60.98,7124351
2012-03-29,60.77,60.82,60.95,60.62,6691676
2012-03-30,61.07,61.20,61.42,60.92,6942445
2012-04-02,61.08,61.36,61.49,60.97,6465856
2012-04-03,61.14,60.65,61.41,60.24,11180059
2012-04-04,60.53,60.26,60.59,60.02,10851616
2012-04-05,60.20,60.67,60.69,60.07,6528712
2012-04-09,60.22,60.13,60.34,60.08,6835088
2012-04-10,60.03,59.93,60.39,59.55,9553144
2012-04-11,60.29,59.80,60.29,59.66,7748050
2012-04-12,59.80,60.14,60.20,59.56,7367649
2012-04-13,60.00,59.77,60.21,59.75,6695991
2012-04-16,59.94,60.58,60.81,59.87,6844578
2012-04-17,61.11,61.87,61.95,61.09,10676308
2012-04-18,61.55,62.06,62.25,61.55,7957298
2012-04-19,61.96,61.75,62.05,61.47,6379504
2012-04-20,61.70,62.45,62.49,61.66,8997648
2012-04-23,59.15,59.54,60.24,59.13,37980864
2012-04-24,59.26,57.77,59.35,57.65,30099452
2012-04-25,57.91,57.36,58.43,57.18,28012728
2012-04-26,57.59,58.95,59.43,57.57,25095704
2012-04-27,59.18,59.03,59.46,58.94,8521380
2012-04-30,58.82,58.91,58.99,58.53,7482877
2012-05-01,58.95,59.07,59.27,58.48,9916168
2012-05-02,58.96,59.01,59.32,58.82,7347634
2012-05-03,59.20,58.99,59.20,58.81,6892609
2012-05-04,58.86,58.70,59.18,58.68,6953880
2012-05-07,58.55,59.19,59.36,58.55,8659390
2012-05-08,59.06,59.05,59.37,58.63,10273782
2012-05-09,58.48,59.03,59.24,58.27,11158088
2012-05-10,59.35,59.19,59.61,59.09,7740689
2012-05-11,59.08,59.42,59.65,58.81,7473540
2012-05-14,59.09,59.07,59.55,58.92,6201061
2012-05-15,58.95,59.35,59.65,58.95,10561363
2012-05-16,59.53,59.19,59.66,59.16,10838704
2012-05-17,61.34,61.68,62.50,61.25,29295156
2012-05-18,61.87,62.43,62.63,61.76,16631181
2012-05-21,62.38,63.04,63.10,62.14,11150092
2012-05-22,62.99,63.73,63.95,62.90,12074555
2012-05-23,63.39,63.73,64.69,63.29,15682158
2012-05-24,64.71,65.07,65.18,64.46,11303256
2012-05-25,64.86,65.31,65.50,64.80,10180866
2012-05-29,65.40,65.68,65.76,65.21,10037047
2012-05-30,65.41,65.44,65.95,65.33,9980444
2012-05-31,65.40,65.82,66.66,65.38,16771273
2012-06-01,65.43,65.55,65.88,65.13,15302052
2012-06-04,65.90,65.99,66.13,65.40,13877773
2012-06-05,65.74,65.50,65.90,65.43,9341251
2012-06-06,65.60,65.93,65.97,65.46,10847071
2012-06-07,66.08,65.87,66.08,65.78,12547088
2012-06-08,66.19,68.22,68.23,66.08,18012544
2012-06-11,68.39,67.53,68.48,67.47,10493601
2012-06-12,67.67,67.72,67.85,67.30,8988074
2012-06-13,67.59,67.07,67.75,66.96,10748883
2012-06-14,67.10,67.63,67.79,67.09,9995384
2012-06-15,68.05,67.75,68.06,67.59,12751217
2012-06-18,67.47,68.12,68.28,67.43,7553498
2012-06-19,68.09,67.81,68.25,67.70,7906200
2012-06-20,67.86,68.52,68.54,67.78,8990501
2012-06-21,68.49,67.70,68.66,67.68,9843620
2012-06-22,68.09,67.30,68.35,67.19,11405910
2012-06-25,67.06,68.18,68.23,67.06,11830506
2012-06-26,68.48,68.58,68.92,68.25,10812968
2012-06-27,68.59,68.59,68.75,68.26,8798110
2012-06-28,67.92,68.30,68.35,67.49,8578654
2012-06-29,68.94,69.72,69.72,68.56,10672501
2012-07-02,69.60,69.35,69.95,69.15,10426433
2012-07-03,69.65,70.75,70.77,69.30,9394728
2012-07-05,70.37,71.08,71.30,70.37,12444784
2012-07-06,70.73,71.36,71.36,70.73,8009238
2012-07-09,71.26,71.76,71.76,71.02,11150896
2012-07-10,71.93,72.11,72.58,71.64,13331910
2012-07-11,72.13,72.26,72.44,71.78,12244489
2012-07-12,72.07,72.31,72.62,71.64,10195703
2012-07-13,72.27,73.18,73.24,72.15,8180028
2012-07-16,72.92,72.98,73.18,72.58,8084253
2012-07-17,72.90,73.10,73.10,72.31,12176401
2012-07-18,72.89,72.85,73.46,72.72,9495239
2012-07-19,72.85,71.53,72.86,70.23,16878096
2012-07-20,71.46,72.25,72.49,71.31,11053660
2012-07-23,71.62,71.85,71.99,71.26,6657500
2012-07-24,71.68,72.14,72.24,71.45,7476793
2012-07-25,72.26,72.08,72.46,71.87,6981820
2012-07-26,72.70,73.67,73.95,72.69,8192305
2012-07-27,73.84,74.52,74.80,73.79,10861477
2012-07-30,74.46,74.98,75.24,74.45,9145564
2012-07-31,74.76,74.43,74.98,74.43,8324855
2012-08-01,74.70,73.62,74.79,73.42,9700483
2012-08-02,73.05,74.05,74.16,72.94,8094983
2012-08-03,74.74,74.55,74.96,74.25,8739975
2012-08-06,74.92,74.28,74.92,74.28,6118087
2012-08-07,74.41,73.99,74.60,73.97,7619183
2012-08-08,73.65,74.31,74.51,73.43,6578253
2012-08-09,74.28,73.85,74.52,73.76,5284869
2012-08-10,73.85,73.68,74.25,73.43,5644200
2012-08-13,73.41,73.40,73.69,73.18,6300955
2012-08-14,73.84,74.01,74.27,73.57,7242043
2012-08-15,73.91,74.45,74.52,73.82,7777057
2012-08-16,72.58,72.15,72.75,71.78,17815956
2012-08-17,72.41,71.99,72.69,71.84,9737208
2012-08-20,72.01,72.30,72.41,71.66,5548680
2012-08-21,72.30,71.43,72.34,71.43,7634447
2012-08-22,71.35,71.77,71.85,71.35,6660918
2012-08-23,71.80,71.56,71.94,71.40,6005104
2012-08-24,71.39,72.11,72.20,71.35,5190045
2012-08-27,72.17,72.50,72.79,72.07,5766925
2012-08-28,72.18,72.41,72.71,72.16,4822640
2012-08-29,72.61,72.77,73.02,72.43,4230702
2012-08-30,72.63,72.25,72.75,72.15,5237171
2012-08-31,72.59,72.60,72.94,72.36,5885128
2012-09-04,72.77,73.51,73.83,72.57,8524073
2012-09-05,73.86,73.55,73.95,73.37,7964050
2012-09-06,73.98,74.81,74.81,73.84,6508417
2012-09-07,74.70,73.82,74.80,73.50,6621361
2012-09-10,73.89,73.51,74.12,73.50,6500024
2012-09-11,73.72,74.06,74.42,73.55,5291432
2012-09-12,74.06,74.07,74.35,73.75,4298218
2012-09-13,73.95,75.14,75.19,73.95,7407423
2012-09-14,74.84,74.50,74.99,74.26,8536755
2012-09-17,74.36,73.99,74.68,73.87,6854573
2012-09-18,73.85,73.95,74.17,73.68,5307165
2012-09-19,74.25,74.37,74.63,73.99,5655810
2012-09-20,74.32,74.75,74.82,74.32,4523104
2012-09-21,74.96,74.45,75.09,74.33,10566195
2012-09-24,74.20,74.74,74.96,74.18,4413649
2012-09-25,74.91,74.26,75.05,74.26,6424717
2012-09-26,74.16,74.19,74.84,74.14,4805094
2012-09-27,74.37,73.98,74.50,73.83,5390064
2012-09-28,73.86,73.80,74.06,73.42,6022141
2012-10-01,73.80,74.05,74.49,73.80,4662439
2012-10-02,73.98,73.75,74.36,73.63,4236483
2012-10-03,74.03,74.20,74.75,73.75,8164663
2012-10-04,74.51,74.72,75.01,74.51,5000834
2012-10-05,74.94,75.13,75.50,74.89,5205048
2012-10-08,75.16,75.25,75.55,75.06,4546029
2012-10-09,75.16,74.14,75.38,74.13,8308472
2012-10-10,74.65,75.42,76.81,74.64,19365360
2012-10-11,76.60,75.01,76.61,74.95,8328300
2012-10-12,75.42,75.81,76.04,75.30,8029491
2012-10-15,75.87,77.15,77.35,75.56,9669944
2012-10-16,77.60,76.91,77.60,76.69,6310100
2012-10-17,77.33,77.03,77.50,76.48,7494420
2012-10-18,77.02,76.56,77.23,76.17,7325645
2012-10-19,76.58,75.62,76.71,75.43,6943122
2012-10-22,75.68,75.65,75.78,75.09,5425592
2012-10-23,75.05,74.76,75.49,74.51,5834454
2012-10-24,74.93,74.82,75.00,74.52,4583192
2012-10-25,75.30,75.32,75.50,74.89,4432845
2012-10-26,75.20,75.11,75.42,74.68,4446862
2012-10-31,75.25,75.02,75.68,74.13,6551202
2012-11-01,75.13,73.45,75.16,73.15,12944822
2012-11-02,73.46,72.77,73.57,72.71,8564725
2012-11-05,72.66,73.14,73.20,72.65,4767665
2012-11-06,73.17,73.76,74.28,73.13,5334832
2012-11-07,73.42,73.11,73.90,72.85,6812187
2012-11-08,73.01,72.48,73.98,72.48,7137741
2012-11-09,72.13,72.31,72.60,71.92,6891477
2012-11-12,72.27,72.48,72.60,71.90,4383362
2012-11-13,71.97,71.81,72.30,71.18,8977793
2012-11-14,71.86,71.31,72.00,71.08,9113735
2012-11-15,69.66,68.72,69.69,67.85,23049900
2012-11-16,68.59,68.03,68.69,67.88,12257705
2012-11-19,68.15,69.02,69.13,67.66,12835693
2012-11-20,69.24,69.00,69.24,68.45,9394898
2012-11-21,68.86,68.89,69.06,68.68,7042828
2012-11-23,69.81,70.20,70.24,68.88,5134879
2012-11-26,70.13,69.91,70.23,69.45,9073247
2012-11-27,69.90,69.50,70.17,69.45,7382282
2012-11-28,69.46,70.56,70.81,69.29,10496319
2012-11-29,70.48,70.83,71.04,70.13,9620710
2012-11-30,70.97,72.02,72.12,70.85,12490763
2012-12-03,72.11,71.34,72.34,71.34,9088767
2012-12-04,71.47,72.12,72.60,71.45,12821354
2012-12-05,71.94,71.65,72.02,71.23,9516891
2012-12-06,71.67,71.59,71.85,71.10,7166027
2012-12-07,71.90,72.29,72.59,71.85,7282925
2012-12-10,72.08,72.15,72.34,71.79,5901502
2012-12-11,72.25,70.89,72.70,70.82,14596092
2012-12-12,70.20,68.94,70.35,68.91,23402446
2012-12-13,69.04,69.04,69.36,69.00,14245821
2012-12-14,69.05,68.75,69.30,68.74,10502204
2012-12-17,68.96,69.20,69.51,68.89,10534638
2012-12-18,69.11,69.50,69.66,68.91,11590380
2012-12-19,69.43,68.52,69.50,68.52,9973247
2012-12-20,68.33,69.00,69.06,68.17,9688049
2012-12-21,68.87,68.65,69.16,68.27,13233501
2012-12-24,68.51,68.57,68.81,68.31,2905947
2012-12-26,68.56,67.99,68.65,67.73,6093195
2012-12-27,68.03,68.19,68.42,67.79,7384128
2012-12-28,67.91,67.61,68.35,67.54,5514083
2012-12-31,67.49,68.23,68.30,67.37,7014570
2013-01-02,68.93,69.24,69.24,68.45,10392526
2013-01-03,69.25,68.80,69.35,68.38,8910586
2013-01-04,68.73,69.06,69.18,68.34,6438374
2013-01-07,68.83,68.40,68.92,68.13,6201396
2013-01-08,68.28,68.59,68.89,68.21,5868477
2013-01-09,68.66,68.57,68.71,68.22,5056117
2013-01-10,68.66,68.36,69.03,67.72,11454308
2013-01-11,68.60,68.63,68.79,68.21,6224467
2013-01-14,68.49,68.30,68.67,68.11,5491978
2013-01-15,68.19,68.98,69.24,68.10,6140818
2013-01-16,68.94,69.21,69.37,68.89,4917813
2013-01-17,69.30,68.85,69.32,68.71,7233549
2013-01-18,68.85,69.20,69.20,68.85,7814762
2013-01-22,69.05,69.58,69.65,68.96,5747934
2013-01-23,69.39,69.49,69.64,69.15,6365566
2013-01-24,69.65,69.79,69.99,69.35,9139502
2013-01-25,69.91,69.00,70.00,68.93,7969234
2013-01-28,69.08,69.35,69.50,68.80,7054721
2013-01-29,69.21,69.89,70.20,69.20,9560861
2013-01-30,70.12,69.75,70.12,69.50,7022025
2013-01-31,69.69,69.95,70.44,69.69,7019560
2013-02-01,70.11,70.49,70.54,69.95,6450100
2013-02-04,69.44,69.63,69.90,69.13,10759453
2013-02-05,69.87,70.77,71.07,69.76,10526699
2013-02-06,70.48,71.31,71.32,70.30,9757882
2013-02-07,71.44,71.23,71.64,70.90,8306834
2013-02-08,71.20,71.48,71.64,71.07,5906823
2013-02-11,71.25,71.40,71.51,70.53,6202534
2013-02-12,71.49,71.40,71.66,71.10,4762281
2013-02-13,71.29,71.39,71.70,71.21,3969807
2013-02-14,71.10,70.82,71.23,70.75,6820952
2013-02-15,69.54,69.30,70.00,68.13,25689976
2013-02-19,69.19,68.76,69.45,68.54,14683422
2013-02-20,68.72,69.21,69.85,68.30,11975845
2013-02-21,70.00,70.26,71.47,69.72,20426184
2013-02-22,70.22,70.40,70.54,69.89,9169560
2013-02-25,70.50,70.44,71.34,70.44,11819690
2013-02-26,70.69,71.11,71.39,70.61,10558487
2013-02-27,70.92,71.66,71.96,70.58,8820357
2013-02-28,71.59,70.78,71.88,70.78,18888668
2013-03-01,70.78,71.74,71.90,70.78,8902516
2013-03-04,71.52,73.26,73.26,71.51,10567654
2013-03-05,73.47,73.72,74.04,72.99,9142337
2013-03-06,73.75,73.38,74.13,73.25,7152681
2013-03-07,73.49,73.32,73.61,73.20,6689131
2013-03-08,73.30,73.03,73.39,72.84,5744563
2013-03-11,73.09,72.98,73.24,72.81,5149550
2013-03-12,72.95,73.60,73.90,72.84,8156386
2013-03-13,73.89,73.65,74.20,73.54,5329215
2013-03-14,73.87,73.22,74.00,73.13,6353699
2013-03-15,73.01,72.50,73.50,72.43,17206784
2013-03-18,72.29,72.25,72.73,72.01,5771090
2013-03-19,72.42,72.45,72.87,72.19,5753133
2013-03-20,72.81,72.99,73.38,72.74,6320278
2013-03-21,72.87,73.13,73.47,72.85,5507143
2013-03-22,73.35,74.28,74.29,73.29,7325411
2013-03-25,74.14,74.85,75.11,74.12,10438663
2013-03-26,74.93,74.77,75.09,74.43,6642458
2013-03-27,74.31,74.78,74.96,74.24,5970553
2013-03-28,74.84,74.83,74.97,74.38,7370039
2013-04-01,75.00,75.43,75.93,74.90,8416097
2013-04-02,75.55,76.02,76.05,75.42,6642761
2013-04-03,76.31,76.00,76.68,75.72,7454422
2013-04-04,75.96,76.20,76.58,75.96,7508815
2013-04-05,75.55,76.39,76.41,75.43,5880369
2013-04-08,76.10,77.29,77.44,75.83,8075557
2013-04-09,77.24,78.12,78.46,77.02,8669956
2013-04-10,78.28,77.37,78.38,77.37,8599089
2013-04-11,77.36,77.79,78.37,77.27,7129997
2013-04-12,77.63,78.56,78.85,77.58,6338065
2013-04-15,78.44,78.47,79.28,78.43,8556116
2013-04-16,78.23,78.68,78.86,78.03,6854946
2013-04-17,78.53,78.51,79.07,78.11,7248836
2013-04-18,78.76,77.16,79.05,76.61,14219475
2013-04-19,77.50,78.29,78.44,77.40,7843883
2013-04-22,78.29,77.97,78.44,77.50,5162577
2013-04-23,78.11,79.09,79.22,78.05,6663451
2013-04-24,79.23,78.03,79.50,77.92,8084145
2013-04-25,78.18,78.65,78.83,77.88,5734370
2013-04-26,78.58,79.04,79.15,78.57,5923528
2013-04-29,79.08,78.39,79.25,78.15,6157908
2013-04-30,78.28,77.72,78.30,77.37,7970243
2013-05-01,77.85,78.06,78.66,77.69,6260681
2013-05-02,77.91,78.46,78.49,77.80,4520564
2013-05-03,78.92,79.25,79.34,78.90,5605083
2013-05-06,79.10,78.83,79.16,78.77,4807303
2013-05-07,79.10,78.83,79.14,78.77,6572201
2013-05-08,78.56,78.25,78.66,77.78,8010645
2013-05-09,78.31,78.40,78.96,77.90,6516841
2013-05-10,78.47,78.89,78.91,78.28,5831224
2013-05-13,78.80,78.50,78.94,77.92,7714538
2013-05-14,77.98,78.78,78.86,77.67,10018069
2013-05-15,78.80,79.86,79.96,78.65,8002558
2013-05-16,78.10,78.50,78.86,77.34,12129178
2013-05-17,78.30,77.87,78.59,77.40,10671473
2013-05-20,77.88,77.40,77.90,77.36,5583000
2013-05-21,77.62,77.39,78.18,77.25,7484486
2013-05-22,77.19,77.03,77.80,76.75,9032071
2013-05-23,76.83,76.33,76.94,76.25,8048141
2013-05-24,76.32,77.31,77.41,76.15,7589759
2013-05-28,77.52,77.32,78.04,77.06,6060170
2013-05-29,77.05,76.23,77.05,76.06,5882206
2013-05-30,76.49,75.63,76.54,75.61,6228644
2013-05-31,75.36,74.84,75.63,74.82,9749348
2013-06-03,75.06,75.69,75.80,74.64,8441954
2013-06-04,75.77,75.94,76.38,75.47,9344138
2013-06-05,75.72,75.25,75.95,75.07,6778532
2013-06-06,75.27,75.63,75.74,74.83,9426122
2013-06-07,76.38,76.33,76.87,76.19,8348910
2013-06-10,76.28,75.75,76.65,75.66,6731771
2013-06-11,75.42,75.25,75.83,74.99,6006769
2013-06-12,75.47,74.84,75.71,74.65,4731124
2013-06-13,74.78,75.00,75.33,74.56,7241763
2013-06-14,74.84,74.87,75.27,74.80,6351551
2013-06-17,75.00,74.95,75.44,74.51,6481064
2013-06-18,75.00,75.73,75.88,74.80,6739607
2013-06-19,75.74,74.46,75.96,74.34,8329317
2013-06-20,74.50,73.03,74.66,73.01,9071365
2013-06-21,73.52,73.51,74.20,73.25,14575716
2013-06-24,73.05,74.20,74.79,72.90,9697215
2013-06-25,74.27,74.37,74.75,73.84,7221640
2013-06-26,74.62,75.01,75.18,74.54,5478746
2013-06-27,75.48,75.26,76.11,75.24,7089475
2013-06-28,75.11,74.49,75.66,74.45,14555128
2013-07-01,74.99,74.59,75.28,74.10,6697777
2013-07-02,74.31,74.71,75.68,74.21,6728501
2013-07-03,74.41,74.76,75.12,74.09,2325106
2013-07-05,75.15,75.21,75.26,74.41,5447535
2013-07-08,75.68,76.71,76.77,75.68,6717093
2013-07-09,76.96,77.03,77.44,76.74,5273182
2013-07-10,76.96,76.77,77.50,76.45,5141215
2013-07-11,77.45,77.63,77.75,77.33,4681427
2013-07-12,77.61,77.63,77.67,77.33,4462338
2013-07-15,77.30,77.03,77.30,76.70,4887186
2013-07-16,76.98,77.37,77.45,76.90,4707604
2013-07-17,77.62,77.20,77.79,77.09,5351582
2013-07-18,77.22,77.34,77.55,77.01,4149818
2013-07-19,77.45,78.08,78.17,77.34,6831261
2013-07-22,77.89,77.87,78.25,77.73,4159034
2013-07-23,77.96,78.55,78.63,77.80,5254366
2013-07-24,78.68,78.23,78.69,77.72,4930310
2013-07-25,78.05,78.01,78.46,77.63,5920265
2013-07-26,77.93,78.00,78.03,77.10,5349510
2013-07-29,77.83,77.99,78.25,77.78,3465300
2013-07-30,78.21,77.89,78.36,77.69,4533684
2013-07-31,77.92,77.94,78.48,77.73,6042731
2013-08-01,78.42,78.22,78.67,78.11,5168733
2013-08-02,78.25,78.75,78.75,78.00,6133797
2013-08-05,78.62,78.77,79.00,78.43,3906060
2013-08-06,78.56,77.87,78.57,77.56,6701069
2013-08-07,77.16,77.37,77.63,76.62,5819994
2013-08-08,77.51,77.25,77.89,76.93,4474679
2013-08-09,77.21,76.90,77.32,76.77,5765133
2013-08-12,76.56,77.08,77.39,76.49,5787049
2013-08-13,77.17,76.86,77.25,76.22,6380970
2013-08-14,76.81,76.40,77.22,76.24,6820098
2013-08-15,74.46,74.41,75.08,74.03,13221821
2013-08-16,74.12,74.11,74.50,73.70,7254895
2013-08-19,73.88,73.58,73.93,73.21,5364944
2013-08-20,73.55,73.23,73.62,73.20,6663009
2013-08-21,73.16,73.55,74.13,72.93,8077861
2013-08-22,73.81,73.46,74.04,73.24,3947992
2013-08-23,73.65,73.44,73.75,73.03,5475169
2013-08-26,73.64,73.03,73.75,73.03,5358106
2013-08-27,72.68,72.86,73.11,72.51,5787635
2013-08-28,72.66,72.38,72.86,72.27,5609965
2013-08-29,72.35,72.43,72.88,72.23,4088193
2013-08-30,72.64,72.98,73.07,72.58,6066164
2013-09-03,73.48,72.68,73.58,72.54,7156986
2013-09-04,72.70,72.91,73.12,72.45,4669890
2013-09-05,72.84,72.67,73.48,72.62,4680482
2013-09-06,72.70,72.59,73.16,72.19,5790232
2013-09-09,72.85,73.51,73.65,72.70,5527130
2013-09-10,73.66,73.96,74.21,73.57,6846286
2013-09-11,74.00,74.05,74.24,73.66,5335793
2013-09-12,74.18,73.91,74.52,73.77,5261800
2013-09-13,74.13,74.36,74.40,73.98,4020403
2013-09-16,74.90,74.78,75.19,74.69,4212240
2013-09-17,74.84,75.15,75.47,74.79,4293020
2013-09-18,75.16,76.42,76.53,74.90,6919276
2013-09-19,76.50,76.21,76.53,75.62,7109721
2013-09-20,76.32,75.83,76.45,75.83,8855283
2013-09-23,75.39,76.42,76.43,75.20,5604943
2013-09-24,76.40,75.75,76.73,75.68,6874782
2013-09-25,75.91,74.65,75.94,73.56,14997895
2013-09-26,74.78,74.62,74.98,74.22,5078084
2013-09-27,74.38,74.36,74.46,74.07,4215371
2013-09-30,74.28,73.96,74.60,73.74,6752482
2013-10-01,73.87,73.59,73.89,73.32,5683089
2013-10-02,73.39,73.72,73.72,73.04,7376363
2013-10-03,73.53,73.16,73.53,72.95,7179614
2013-10-04,73.01,72.80,73.38,72.79,5747662
2013-10-07,72.42,71.87,72.42,71.51,6886395
2013-10-08,71.85,72.90,73.19,71.80,9224177
2013-10-09,72.83,73.00,73.34,72.57,6472436
2013-10-10,73.48,74.79,74.87,73.27,7680163
2013-10-11,74.61,74.82,74.83,73.83,6529172
2013-10-14,74.34,74.68,74.71,73.75,5904038
2013-10-15,74.43,74.37,75.37,73.99,8993268
2013-10-16,74.81,75.60,75.62,74.57,5914521
2013-10-17,75.49,75.78,76.12,71.69,6395186
2013-10-18,75.80,75.71,75.93,75.48,6788695
2013-10-21,75.72,75.15,75.82,74.82,5364144
2013-10-22,75.43,76.32,76.49,75.21,6953746
2013-10-23,76.18,75.90,76.35,75.81,5870080
2013-10-24,76.03,76.42,76.51,75.82,5864265
2013-10-25,76.37,76.08,76.76,75.78,6461888
2013-10-28,76.16,77.14,77.21,76.05,7032415
2013-10-29,77.25,77.06,77.63,76.75,7437557
2013-10-30,77.27,76.91,77.53,76.56,4645994
2013-10-31,76.88,76.75,77.15,76.60,4612369
2013-11-01,76.97,77.07,77.40,76.59,5116130
2013-11-04,77.22,77.33,77.65,77.20,4704244
2013-11-05,76.81,77.42,77.61,76.72,5092603
2013-11-06,77.64,78.16,78.28,77.30,4829209
2013-11-07,78.19,77.51,78.22,77.24,8347756
2013-11-08,77.49,77.96,77.96,76.79,5793894
2013-11-11,77.86,79.01,79.07,77.79,7450486
2013-11-12,78.85,78.71,78.97,78.25,5274506
2013-11-13,78.42,78.90,78.99,78.35,8289973
2013-11-14,77.75,79.08,79.53,77.68,9306044
2013-11-15,78.93,79.22,79.29,78.75,5917004
2013-11-18,79.23,79.22,79.32,78.91,5962661
2013-11-19,79.30,79.25,79.35,78.88,4455005
2013-11-20,79.31,78.90,79.39,78.49,4511312
2013-11-21,78.74,78.86,79.20,78.55,3840986
2013-11-22,78.87,79.81,79.87,78.75,4818619
2013-11-25,80.06,80.43,80.57,79.91,5670506
2013-11-26,80.44,80.68,80.68,80.11,5538136
2013-11-27,80.55,80.93,81.00,80.38,4813288
2013-11-29,81.17,81.01,81.35,80.82,3447212
2013-12-02,80.89,81.11,81.28,80.37,6178477
2013-12-03,81.21,81.21,81.33,80.70,7513346
2013-12-04,80.64,80.22,81.37,79.91,7641631
2013-12-05,79.72,79.44,79.77,78.87,6449952
2013-12-06,79.71,79.94,80.23,79.64,5088055
2013-12-09,80.24,79.95,80.43,79.70,4491843
2013-12-10,79.72,79.08,79.80,79.05,6285736
2013-12-11,79.10,79.09,79.72,79.05,5998765
2013-12-12,79.11,78.50,79.26,78.40,5691583
2013-12-13,78.73,78.08,78.77,77.93,4985885
2013-12-16,78.25,77.74,78.50,77.60,6146898
2013-12-17,77.74,77.25,77.89,77.22,5766928
2013-12-18,77.28,77.94,77.98,76.81,10633938
2013-12-19,77.67,77.24,77.83,77.20,5955433
2013-12-20,77.28,77.43,77.88,77.25,9568816
2013-12-23,77.73,77.87,77.99,77.37,4491918
2013-12-24,77.95,78.01,78.24,77.63,2094937
2013-12-26,78.06,78.39,78.52,77.97,2778189
2013-12-27,78.60,78.47,78.93,78.30,3050104
2013-12-30,78.61,78.63,78.88,78.43,3086473
2013-12-31,78.66,78.69,78.87,78.35,3859089
2014-01-02,78.72,78.91,79.47,78.50,6911859
2014-01-03,78.81,78.65,79.13,78.52,4958031
2014-01-06,78.86,78.21,78.91,77.79,7281948
2014-01-07,78.17,78.45,78.85,77.92,5013309
2014-01-08,78.50,77.83,78.51,77.60,5972916
2014-01-09,78.39,78.09,78.40,77.49,5925044
2014-01-10,78.31,78.04,78.72,77.54,5191635
2014-01-13,77.60,77.49,77.97,77.24,6180103
2014-01-14,77.46,77.96,78.00,77.38,4127877
2014-01-15,77.96,77.66,78.10,77.57,4995422
2014-01-16,77.39,76.76,77.47,76.35,7208888
2014-01-17,76.73,76.19,76.82,76.03,11446726
2014-01-21,76.25,75.84,76.39,74.86,9012385
2014-01-22,76.08,75.35,76.08,75.03,5879735
2014-01-23,74.84,74.96,75.12,74.47,6019150
2014-01-24,74.73,74.42,75.12,74.23,9455979
2014-01-27,74.13,74.15,74.37,73.83,9105139
2014-01-28,74.26,74.67,75.40,74.10,6035231
2014-01-29,75.29,74.10,75.37,74.07,8440854
2014-01-30,74.54,74.75,75.09,74.36,6742046
2014-01-31,73.92,74.68,75.19,73.64,10665285
2014-02-03,74.19,72.66,74.50,72.54,10435809
2014-02-04,72.67,72.73,73.10,72.30,7765562
2014-02-05,72.27,72.87,73.16,72.27,4778044
2014-02-06,72.97,72.82,73.21,72.50,7353131
2014-02-07,73.05,73.75,73.80,72.50,7320252
2014-02-10,73.59,73.76,73.76,72.96,6236787
2014-02-11,73.90,74.80,74.85,73.67,6712699
2014-02-12,74.22,74.96,75.18,74.22,5372947
2014-02-13,74.68,75.36,75.49,74.56,5275177
2014-02-14,75.40,75.79,75.99,75.10,4920591
2014-02-18,75.49,75.33,75.65,74.86,5994299
2014-02-19,75.01,74.85,75.32,74.41,8145148
2014-02-20,73.05,73.52,74.00,72.81,13103284
2014-02-21,73.19,73.12,73.40,72.82,8971032
2014-02-24,73.24,73.35,73.82,73.14,7326672
2014-02-25,73.18,73.35,73.74,73.09,9500619
2014-02-26,73.94,74.78,75.10,73.79,9027834
2014-02-27,74.78,74.56,74.78,74.09,5456591
2014-02-28,74.48,74.70,75.19,74.20,7445309
2014-03-03,74.49,74.12,74.67,73.83,5349225
2014-03-04,74.77,75.13,75.49,74.66,7549037
2014-03-05,75.32,74.80,75.33,74.58,5526031
2014-03-06,74.86,74.88,75.11,74.51,5107196
2014-03-07,74.96,74.58,74.96,74.36,5054617
2014-03-10,74.52,74.43,74.60,74.05,4844541
2014-03-11,74.72,74.92,74.97,74.20,9036284
2014-03-12,74.85,75.53,75.75,74.82,8637988
2014-03-13,75.71,74.93,76.18,74.91,5824463
2014-03-14,74.67,74.28,75.07,74.27,6619016
2014-03-17,74.30,74.68,74.85,74.01,5783947
2014-03-18,74.66,74.77,74.99,74.45,3943802
2014-03-19,74.56,74.38,75.11,74.02,5761073
2014-03-20,74.02,75.38,75.68,73.86,8637512
2014-03-21,75.89,76.10,77.02,75.45,17180931
2014-03-24,76.21,76.76,76.80,76.11,7279659
2014-03-25,76.88,76.87,77.14,76.16,7389784
2014-03-26,77.08,76.23,77.53,76.23,7736520
2014-03-27,76.38,76.14,76.82,76.04,5596634
2014-03-28,76.26,76.01,76.60,75.77,5871101
2014-03-31,76.35,76.43,76.78,76.02,4695643
2014-04-01,76.76,76.77,77.25,76.54,5770037
2014-04-02,76.58,77.18,77.19,76.34,6078086
2014-04-03,77.20,77.46,77.55,77.00,6045985
2014-04-04,77.58,77.31,77.90,77.25,6769289
2014-04-07,77.23,77.31,77.72,77.09,7680807
2014-04-08,77.09,78.18,78.31,76.80,7498660
2014-04-09,78.20,77.97,78.22,77.28,6877819
2014-04-10,77.95,76.89,78.14,76.65,7599640
2014-04-11,76.78,76.50,77.23,76.29,7978971
2014-04-14,76.94,77.38,77.55,76.79,5375940
2014-04-15,77.03,76.88,77.31,76.44,6929329
2014-04-16,77.31,77.22,77.47,77.03,5036770
2014-04-17,77.08,77.66,77.75,77.08,6964745
2014-04-21,77.41,77.60,77.73,77.18,4595096
2014-04-22,77.52,77.56,77.83,77.39,6465465
2014-04-23,77.82,78.04,78.28,77.57,5806189
2014-04-24,78.17,78.31,78.47,77.70,4354918
2014-04-25,78.31,78.62,78.78,78.02,5396525
2014-04-28,78.86,79.76,79.99,78.83,9598676
2014-04-29,79.84,79.67,79.87,79.57,4695718
2014-04-30,79.59,79.71,79.93,79.51,6111791
2014-05-01,79.73,79.70,79.73,79.16,5098328
2014-05-02,79.60,79.12,79.76,79.01,5620034
2014-05-05,78.86,78.62,78.95,78.51,4590956
2014-05-06,78.33,78.01,78.39,77.97,5638910
2014-05-07,77.85,77.96,78.10,77.53,6086214
2014-05-08,78.00,78.69,78.83,78.00,4820639
2014-05-09,78.52,79.20,79.28,78.52,4896368
2014-05-12,78.95,79.15,79.23,78.65,5999823
2014-05-13,79.17,79.14,79.37,78.99,4363735
2014-05-14,79.05,78.74,79.05,78.07,5608286
2014-05-15,76.28,76.83,77.44,76.25,13035789
2014-05-16,77.00,77.01,77.38,76.65,7244131
2014-05-19,77.11,76.61,77.13,76.50,6131274
2014-05-20,76.36,75.69,76.37,75.52,7441355
2014-05-21,75.94,75.66,75.96,75.27,5704092
2014-05-22,75.79,75.39,75.92,75.24,5243663
2014-05-23,75.56,75.61,75.75,75.43,3703626
2014-05-27,75.71,75.59,75.81,75.29,5379301
2014-05-28,75.38,75.53,75.94,75.34,5036879
2014-05-29,75.67,75.98,76.19,75.57,4003511
2014-05-30,76.06,76.77,76.81,76.01,5974016
2014-06-02,76.58,76.76,77.11,76.47,4395340
2014-06-03,76.74,76.71,76.97,76.36,7213733
2014-06-04,76.60,77.13,77.30,76.53,6199894
2014-06-05,77.05,77.32,77.44,76.87,4695821
2014-06-06,77.46,77.21,77.59,77.07,4195073
2014-06-09,77.07,77.01,77.76,76.70,5552326
2014-06-10,76.81,76.62,76.94,76.51,3365665
2014-06-11,76.55,76.16,76.74,76.05,4463301
2014-06-12,76.05,75.73,76.19,75.58,5336596
2014-06-13,75.67,75.28,75.76,75.12,4981452
2014-06-16,75.11,75.34,75.48,75.02,3846878
2014-06-17,75.29,74.99,75.42,74.92,6544215
2014-06-18,75.04,75.70,75.96,74.92,6740696
2014-06-19,75.88,75.87,76.28,75.80,5255313
2014-06-20,76.16,75.68,76.17,75.12,11335802
2014-06-23,75.56,75.79,75.94,75.30,4276034
2014-06-24,76.03,75.97,76.21,75.68,5659196
2014-06-25,75.76,75.62,75.84,75.28,4318156
2014-06-26,75.52,74.91,75.61,74.70,6922337
2014-06-27,74.80,75.34,75.38,74.67,13960847
2014-06-30,75.40,75.07,75.69,74.94,6666648
2014-07-01,75.27,75.28,75.42,74.75,6604504
2014-07-02,75.26,75.62,75.90,75.25,4366772
2014-07-03,75.61,75.75,76.05,75.52,2873959
2014-07-07,75.69,76.07,76.21,75.55,5027994
2014-07-08,76.09,76.65,76.98,76.03,7960476
2014-07-09,76.77,77.21,77.33,76.62,6240126
2014-07-10,76.91,77.06,77.57,76.91,5372478
2014-07-11,76.87,76.82,76.97,76.56,4547543
2014-07-14,77.13,76.55,77.25,76.48,4822869
2014-07-15,76.56,76.84,76.93,76.56,4686766
2014-07-16,76.90,76.86,77.05,76.70,3743501
2014-07-17,76.58,76.61,77.05,76.44,4630252
2014-07-18,76.62,77.09,77.10,76.51,4913346
2014-07-21,76.76,76.77,76.91,76.48,3457586
2014-07-22,76.84,76.64,76.89,76.40,4383167
2014-07-23,76.63,76.99,77.06,76.59,3994349
2014-07-24,76.68,76.35,76.79,76.19,7228303
2014-07-25,76.19,75.97,76.36,75.80,3948442
2014-07-28,75.43,75.71,75.93,75.36,5509938
2014-07-29,75.21,75.44,76.01,75.15,6293487
2014-07-30,75.88,74.78,75.92,74.67,9985703
2014-07-31,73.99,73.58,74.25,73.54,9632692
2014-08-01,73.32,73.54,73.88,73.22,8224426
2014-08-04,73.38,73.54,73.63,73.06,5402181
2014-08-05,73.31,73.34,73.52,72.77,10580561
2014-08-06,73.19,74.20,74.29,73.18,7934785
2014-08-07,74.34,73.95,74.81,73.76,7053149
2014-08-08,74.06,74.67,74.73,73.85,4996347
2014-08-11,74.29,74.36,74.60,74.02,4721351
2014-08-12,74.31,74.22,74.44,74.01,3928584
2014-08-13,74.27,74.03,74.41,73.51,6619067
2014-08-14,73.89,74.39,74.43,73.61,6136444
2014-08-15,74.65,73.90,74.65,73.49,6942723
2014-08-18,74.15,74.49,74.68,74.05,4015717
2014-08-19,74.81,74.88,74.94,74.14,5047957
2014-08-20,74.83,74.96,75.05,74.51,4898266
2014-08-21,75.06,75.55,75.91,75.00,5260626
2014-08-22,75.78,75.73,76.20,75.64,4137761
2014-08-25,75.74,75.69,76.02,75.51,3393630
2014-08-26,75.83,75.52,76.15,75.44,4222880
2014-08-27,75.51,75.85,75.86,75.44,3200426
2014-08-28,75.47,75.90,75.94,75.47,2928089
2014-08-29,75.75,75.50,75.88,75.29,5080513
2014-09-02,75.42,75.75,75.94,75.41,4532422
2014-09-03,75.95,76.01,76.33,75.88,4709373
2014-09-04,76.16,76.56,76.60,76.11,5282252
2014-09-05,76.52,77.51,77.73,76.48,7841819
2014-09-08,77.13,76.53,77.32,76.43,5946869
2014-09-09,76.56,76.74,77.00,76.17,5631979
2014-09-10,76.79,76.51,77.08,76.37,6697057
2014-09-11,76.35,76.10,76.44,76.09,4985299
2014-09-12,75.97,75.77,76.05,75.66,5693775
2014-09-15,75.78,75.81,75.89,75.61,3748478
2014-09-16,75.64,76.32,76.57,75.60,4109537
2014-09-17,76.36,76.24,76.47,76.01,4239265
2014-09-18,76.31,76.22,76.58,75.91,4751711
2014-09-19,76.45,76.84,77.07,76.38,13323532
2014-09-22,76.79,76.31,76.86,76.25,4450704
2014-09-23,76.00,75.60,76.22,75.57,6717115
2014-09-24,75.73,77.08,77.31,75.70,8434589
2014-09-25,76.93,76.12,77.05,76.12,4963485
2014-09-26,76.25,76.49,76.57,75.86,3752888
2014-09-29,76.06,76.08,76.25,75.65,4959285
2014-09-30,76.04,76.47,76.72,75.77,5640744
2014-10-01,76.51,76.12,76.86,75.91,6524863
2014-10-02,76.21,76.23,76.91,75.96,4929134
2014-10-03,76.57,77.32,77.48,76.53,5819678
2014-10-06,77.05,77.35,77.92,76.99,5429677
2014-10-07,77.03,77.30,77.69,76.72,7059857
2014-10-08,77.41,78.24,78.49,76.81,8107097
2014-10-09,78.11,77.86,78.83,77.66,7072744
2014-10-10,77.93,78.29,79.37,77.93,10078027
2014-10-13,78.03,77.56,78.58,77.45,8201401
2014-10-14,77.83,77.98,78.63,77.67,7901051
2014-10-15,77.58,75.20,77.69,74.36,21057683
2014-10-16,73.23,73.82,74.07,72.61,14346643
2014-10-17,74.18,74.10,74.50,73.03,11472069
2014-10-20,74.14,75.14,75.22,73.92,7040685
2014-10-21,75.18,76.02,76.20,75.01,8299743
2014-10-22,76.47,76.03,76.66,76.01,5927620
2014-10-23,76.37,76.25,76.65,75.78,6367092
2014-10-24,76.13,76.38,76.50,75.50,4483654
2014-10-27,76.33,76.59,76.98,76.31,4107391
2014-10-28,76.63,76.35,76.80,76.00,4979984
2014-10-29,76.55,76.39,76.64,75.97,5763263
2014-10-30,76.17,76.45,76.60,75.98,4872414
2014-10-31,76.89,76.27,77.40,76.01,7570734
2014-11-03,76.35,76.28,76.38,75.59,6894375
2014-11-04,76.49,77.26,77.37,76.28,6904853
2014-11-05,77.87,77.70,78.23,77.30,5673772
2014-11-06,78.15,77.81,78.18,77.17,4621864
2014-11-07,77.84,78.77,79.08,77.61,9498782
2014-11-10,78.60,79.44,80.13,78.42,12640479
2014-11-11,79.40,79.01,79.42,78.85,5602406
2014-11-12,78.83,79.20,79.44,78.65,6791218
2014-11-13,80.96,82.94,83.06,80.86,22812356
2014-11-14,82.58,82.96,83.15,82.10,10636644
2014-11-17,82.58,83.57,83.72,82.53,7993427
2014-11-18,83.50,83.79,83.92,83.34,6096432
2014-11-19,83.96,84.99,85.64,83.92,12189846
2014-11-20,84.81,84.58,85.29,84.04,7812733
2014-11-21,85.34,84.65,85.44,84.58,6649630
2014-11-24,84.85,85.40,85.61,84.77,7995454
2014-11-25,85.50,84.95,85.51,84.39,6675451
2014-11-26,84.90,84.98,85.11,84.48,3943821
2014-11-28,86.18,87.54,88.09,85.90,7820627
2014-12-01,86.72,86.22,87.07,85.75,9140937
2014-12-02,86.27,86.40,86.70,85.93,6766310
2014-12-03,85.95,84.94,86.00,84.68,6374338
2014-12-04,84.13,84.76,84.82,83.65,6922353
2014-12-05,84.81,84.12,84.82,83.51,6570121
2014-12-08,84.15,84.23,84.67,83.85,6265990
2014-12-09,83.65,83.56,84.21,82.65,6633610
2014-12-10,83.93,82.98,84.31,82.90,6973600
2014-12-11,83.20,83.83,84.50,83.16,8032841
2014-12-12,83.52,83.81,85.00,83.52,7284128
2014-12-15,84.26,83.94,84.70,83.05,6317736
2014-12-16,83.62,82.96,84.76,82.94,7437440
2014-12-17,83.28,84.23,84.26,82.95,6641024
2014-12-18,84.80,85.94,85.95,84.28,8645929
2014-12-19,86.26,85.16,86.34,85.16,12068826
2014-12-22,85.32,86.38,86.40,85.29,4575752
2014-12-23,86.69,86.66,87.08,86.36,5552646
2014-12-24,86.97,86.43,87.07,86.39,2491789
2014-12-26,86.18,86.91,87.14,86.01,3249266
2014-12-29,86.46,86.64,87.07,86.40,3605617
2014-12-30,86.52,86.79,87.13,86.48,3265377
2014-12-31,87.08,85.88,87.44,85.86,4151386
2015-01-02,86.27,85.90,86.72,85.55,4501838
2015-01-05,85.72,85.65,86.32,85.51,6978986
2015-01-06,85.98,86.31,86.75,85.79,8205145
2015-01-07,86.78,88.60,88.68,86.67,8498428
2015-01-08,89.21,90.47,90.67,89.07,12713559
2015-01-09,90.32,89.35,90.39,89.25,8522505
2015-01-12,89.36,90.02,90.31,89.22,7372534
2015-01-13,90.80,89.31,90.97,88.93,8215406
2015-01-14,87.65,86.61,88.52,86.50,11954333
2015-01-15,87.00,87.38,87.78,86.70,9412733
2015-01-16,87.20,86.77,87.46,86.23,8408926
2015-01-20,86.82,86.69,87.70,85.55,7853065
2015-01-21,86.10,86.64,86.91,85.71,8174202
2015-01-22,87.23,88.30,88.40,86.86,7123834
2015-01-23,88.42,88.51,89.26,87.89,7565786
2015-01-26,88.31,88.63,89.16,88.12,4666660
2015-01-27,88.28,87.53,88.46,87.26,6020450
2015-01-28,88.02,86.82,88.23,86.77,5936775
2015-01-29,87.07,87.72,87.72,86.27,6522794
2015-01-30,86.78,84.98,87.36,84.90,10280220
2015-02-02,84.79,85.71,85.87,83.93,6927168
2015-02-03,85.83,86.19,86.53,85.66,8283477
2015-02-04,86.11,86.65,87.04,86.00,8932258
2015-02-05,87.11,87.28,87.36,86.56,5090777
2015-02-06,87.26,87.33,88.00,86.78,5617641
2015-02-09,86.97,85.91,87.19,85.64,5456247
2015-02-10,86.62,87.29,87.41,86.42,5732061
2015-02-11,86.63,86.34,87.12,85.92,5853068
2015-02-12,86.56,85.89,86.68,85.23,6941569
2015-02-13,85.84,85.81,86.16,85.32,5597012
2015-02-17,85.43,85.96,85.97,84.97,5087189
2015-02-18,85.98,86.29,86.30,85.52,6032699
2015-02-19,84.50,83.52,84.80,83.39,18646754
2015-02-20,82.73,84.30,84.38,82.55,13840389
2015-02-23,84.39,84.60,84.86,84.23,6730435
2015-02-24,84.52,84.57,84.82,83.92,5197741
2015-02-25,84.63,83.57,84.72,83.52,6808428
2015-02-26,83.85,83.80,83.86,83.27,5888139
2015-02-27,83.72,83.93,84.16,83.40,5877422
2015-03-02,83.89,83.96,84.00,83.20,6061495
2015-03-03,83.66,83.37,83.82,83.17,6460768
2015-03-04,83.21,82.58,83.21,82.20,6214421
2015-03-05,83.15,83.57,83.87,82.96,5997522
2015-03-06,82.81,82.59,83.10,82.38,5731008
2015-03-09,82.59,82.88,83.34,82.54,4671505
2015-03-10,82.27,82.07,82.50,82.07,6310805
2015-03-11,81.82,80.69,81.97,80.54,6160859
2015-03-12,80.81,81.90,82.12,80.78,5225526
2015-03-13,81.95,81.90,82.25,81.29,4762226
2015-03-16,82.45,83.29,83.37,82.44,6519099
2015-03-17,82.98,82.62,83.01,82.24,4801961
2015-03-18,81.98,82.53,82.96,81.16,10252336
2015-03-19,82.33,81.52,82.44,81.37,7211751
2015-03-20,81.83,83.24,83.49,81.71,12364642
2015-03-23,83.18,83.31,83.90,83.12,6505721
2015-03-24,83.19,83.05,83.71,82.96,5359107
2015-03-25,83.09,81.32,83.25,81.31,6645573
2015-03-26,80.93,81.89,82.31,80.65,8267163
2015-03-27,81.85,81.35,82.18,81.25,5717385
2015-03-30,81.54,82.53,82.80,81.43,5700494
2015-03-31,82.39,82.25,83.04,82.25,5587701
2015-04-01,82.28,80.71,82.28,80.43,8306662
2015-04-02,80.73,80.73,81.32,80.55,5795731
2015-04-06,80.46,80.99,81.33,80.15,6380650
2015-04-07,81.09,80.50,81.29,80.46,6605720
2015-04-08,80.39,81.03,81.23,80.36,6694715
2015-04-09,80.84,80.84,81.39,80.58,3923559
2015-04-10,80.86,80.65,81.00,80.55,5480618
2015-04-13,80.40,80.29,80.92,80.27,4698111
2015-04-14,80.29,80.15,80.42,79.68,5531680
2015-04-15,80.58,79.74,80.98,79.65,6200161
2015-04-16,79.50,79.24,79.89,79.13,8014038
2015-04-17,78.94,77.88,79.15,77.55,11822006
2015-04-20,78.39,78.14,78.83,78.02,8847416
2015-04-21,78.61,78.03,78.84,77.91,6200236
2015-04-22,77.73,78.43,78.64,77.55,7594683
2015-04-23,78.38,79.18,79.54,78.20,7468710
2015-04-24,79.38,79.84,80.93,79.24,6867745
2015-04-27,79.77,79.37,79.86,79.29,6449809
2015-04-28,79.46,79.10,79.48,78.77,4895176
2015-04-29,78.70,77.88,78.78,77.79,7086849
2015-04-30,77.83,78.05,78.48,77.59,8795753
2015-05-01,78.20,78.60,78.76,78.17,4999917
2015-05-04,78.98,79.18,79.55,78.46,6652581
2015-05-05,79.01,78.13,79.01,78.06,5855412
2015-05-06,77.92,77.65,78.12,77.17,5480055
2015-05-07,77.73,78.03,78.34,77.30,5538289
2015-05-08,78.60,78.53,79.25,78.40,5346476
2015-05-11,78.32,78.10,78.61,78.03,3744682
2015-05-12,78.02,78.96,79.48,77.87,8448943
2015-05-13,79.18,78.16,79.43,77.98,8420709
2015-05-14,78.37,78.72,78.77,78.02,6170246
2015-05-15,78.71,79.24,79.25,78.57,6617173
2015-05-18,79.37,79.92,79.94,79.16,8298185
2015-05-19,78.18,76.43,78.36,76.23,22454403
2015-05-20,76.48,75.90,76.50,75.83,10540638
2015-05-21,75.80,76.11,76.42,75.56,6756003
2015-05-22,76.20,75.86,76.38,75.86,6815006
2015-05-26,75.77,74.90,75.83,74.82,10571548
2015-05-27,75.01,75.19,75.51,75.00,6986968
2015-05-28,75.07,74.84,75.16,74.65,5024775
2015-05-29,74.82,74.27,74.88,74.15,6374035
2015-06-01,74.69,74.73,75.08,74.41,5645937
2015-06-02,74.54,74.53,75.00,74.42,5797384
2015-06-03,74.70,74.89,75.20,74.47,6092300
2015-06-04,74.46,74.15,74.98,73.95,8982397
2015-06-05,74.17,73.06,74.27,72.98,10634096
2015-06-08,73.43,72.61,73.49,72.60,9592246
2015-06-09,72.70,72.47,72.85,72.36,8332348
2015-06-10,72.71,72.93,73.33,72.34,11215747
2015-06-11,73.23,72.94,73.67,72.84,7419031
2015-06-12,72.74,72.43,72.90,72.40,7246389
2015-06-15,72.20,71.93,72.40,71.70,7566445
2015-06-16,72.22,72.35,72.58,71.72,6215525
2015-06-17,72.63,72.73,72.90,72.34,5703855
2015-06-18,72.74,72.98,73.48,72.74,8376356
2015-06-19,72.80,72.74,73.22,72.70,14548596
2015-06-22,72.98,72.79,73.19,72.69,6489236
2015-06-23,72.89,72.57,72.94,72.34,7869688
2015-06-24,72.56,72.38,72.65,72.14,7338351
2015-06-25,72.45,71.86,72.63,71.83,5286558
2015-06-26,71.96,72.12,72.46,71.87,6897588
2015-06-29,71.80,71.42,72.00,71.41,8186808
2015-06-30,71.81,70.93,71.81,70.78,11102559
2015-07-01,71.60,71.88,71.95,70.36,10773754
2015-07-02,72.02,71.86,72.56,71.66,6586031
2015-07-06,71.38,72.53,72.69,71.38,10536427
2015-07-07,72.66,73.79,73.86,72.00,12420672
2015-07-08,73.30,73.06,73.59,72.90,7790907
2015-07-09,73.67,72.78,73.73,72.71,8695162
2015-07-10,73.08,73.12,73.55,73.08,5579323
2015-07-13,73.51,73.88,74.11,73.51,6084498
2015-07-14,73.98,73.79,74.09,73.48,5518153
2015-07-15,73.59,73.65,73.90,73.19,4565758
2015-07-16,73.97,73.83,74.14,73.76,5231377
2015-07-17,73.74,73.39,74.07,73.31,5680568
2015-07-20,73.35,73.10,73.44,73.06,5085621
2015-07-21,73.10,72.74,73.29,72.53,6440966
2015-07-22,72.78,73.16,73.82,72.78,6961551
2015-07-23,73.07,72.51,73.22,72.42,4252166
2015-07-24,72.53,71.58,72.56,71.50,5951117
2015-07-27,71.38,71.38,71.65,71.01,6197584
2015-07-28,71.53,72.10,72.39,71.23,8592296
2015-07-29,72.25,72.23,72.63,72.09,4939545
2015-07-30,72.03,72.16,72.53,71.78,4604480
2015-07-31,72.44,71.98,72.49,71.66,7928371
2015-08-03,71.84,72.18,72.38,71.84,5131447
2015-08-04,72.42,72.25,72.80,71.93,5871254
2015-08-05,72.39,73.51,73.69,72.25,8715807
2015-08-06,73.35,72.79,73.38,72.66,6367635
2015-08-07,72.71,71.25,72.83,71.17,7796893
2015-08-10,71.50,71.48,71.75,71.34,6019757
2015-08-11,71.25,71.93,72.37,71.15,6828989
2015-08-12,71.53,72.58,72.66,71.27,8902586
2015-08-13,72.40,72.11,72.77,71.97,7652355
2015-08-14,72.30,72.38,72.60,72.04,5912305
2015-08-17,71.83,71.91,72.23,71.76,7600583
2015-08-18,70.00,69.48,70.50,69.24,21313526
2015-08-19,68.87,68.57,69.39,67.77,16332964
2015-08-20,68.08,68.43,69.30,67.94,9859599
2015-08-21,67.91,66.54,68.31,66.54,15745756
2015-08-24,63.74,63.95,66.16,61.50,22239513
2015-08-25,65.45,63.10,65.71,63.00,14800007
2015-08-26,64.23,64.83,64.85,63.02,13927127
2015-08-27,65.32,66.08,66.18,64.95,13912715
2015-08-28,66.09,64.94,66.12,64.45,14302863
2015-08-31,64.82,64.73,65.00,64.29,8174827
2015-09-01,63.80,63.82,64.32,63.27,13393949
2015-09-02,64.59,64.44,64.94,64.06,9514356
2015-09-03,64.72,64.86,65.01,64.39,8523840
2015-09-04,64.07,63.89,64.30,63.51,9232294
2015-09-08,65.23,66.38,66.50,65.18,17706529
2015-09-09,66.86,65.12,67.01,65.01,9458365
2015-09-10,64.07,64.12,64.65,63.83,14524006
2015-09-11,64.18,64.65,64.68,63.99,8060830
2015-09-14,64.65,64.28,64.67,63.82,6956474
2015-09-15,64.48,64.32,64.70,64.05,6860745
2015-09-16,64.60,64.69,64.77,64.05,5625284
2015-09-17,64.70,64.47,65.29,64.16,7132557
2015-09-18,63.75,63.34,64.23,63.26,12884404
2015-09-21,63.75,63.72,64.00,63.37,7119271
2015-09-22,63.23,63.59,63.82,62.92,8800795
2015-09-23,63.72,63.72,63.93,63.12,5876580
2015-09-24,63.36,63.83,63.98,63.30,6955971
2015-09-25,64.07,63.78,64.46,63.62,7163040
2015-09-28,63.60,63.66,63.95,63.48,9394076
2015-09-29,63.75,63.78,64.04,63.23,7640099
2015-09-30,64.43,64.84,64.94,63.93,7979203
2015-10-01,64.76,64.27,64.94,63.88,7836374
2015-10-02,63.76,64.98,64.98,63.41,7083997
2015-10-05,65.21,65.87,65.92,65.14,6300307
2015-10-06,65.54,65.68,65.95,65.18,7410921
2015-10-07,65.84,66.36,66.36,65.77,7189740
2015-10-08,66.23,66.88,66.99,66.15,5974536
2015-10-09,66.94,66.69,67.02,66.51,6753997
2015-10-12,66.67,66.93,67.00,66.58,5643470
2015-10-13,66.62,66.73,66.94,66.26,8858374
2015-10-14,66.61,60.03,67.95,60.02,80826555
2015-10-15,59.70,59.33,60.47,58.61,46239393
2015-10-16,59.47,58.89,59.49,58.37,26190964
2015-10-19,58.79,58.85,59.30,58.50,17804948
2015-10-20,58.86,58.75,59.00,58.57,10423309
2015-10-21,58.80,58.64,59.04,58.57,13136217
2015-10-22,58.94,58.90,59.96,58.64,14582043
2015-10-23,59.19,58.30,59.28,58.22,13039155
2015-10-26,58.40,58.02,58.45,57.97,10836002
2015-10-27,58.01,57.48,58.04,57.38,10511295
2015-10-28,57.66,57.64,57.72,57.16,11832056
2015-10-29,57.72,57.96,58.12,57.48,12850106
2015-10-30,57.73,57.24,58.12,57.24,15803251
2015-11-02,57.29,57.61,57.61,56.77,10717075
2015-11-03,57.57,58.11,58.33,57.53,10252317
2015-11-04,58.58,58.37,58.76,58.19,10055966
2015-11-05,58.51,58.61,58.98,58.42,8858977
2015-11-06,58.92,58.78,59.20,58.31,9977288
2015-11-09,58.62,58.49,58.78,58.02,8438212
2015-11-10,58.31,58.68,58.71,58.31,7613783
2015-11-11,58.50,57.58,58.73,57.47,8689127
2015-11-12,57.64,56.95,57.77,56.92,9549381
2015-11-13,56.74,56.42,57.06,56.30,12513684
2015-11-16,56.39,57.87,58.03,56.36,13317585
2015-11-17,59.34,59.92,60.90,59.20,24668864
2015-11-18,60.04,60.93,61.07,59.55,14875148
2015-11-19,61.12,60.70,61.36,60.43,11565970
2015-11-20,60.98,60.07,61.47,60.02,12371095
2015-11-23,60.29,60.26,60.74,59.88,10576879
2015-11-24,59.95,59.92,60.42,59.86,12451876
2015-11-25,60.00,60.24,60.71,59.88,7820553
2015-11-27,60.44,59.89,60.69,59.87,5340915
2015-11-30,59.87,58.84,60.06,58.73,14941846
2015-12-01,59.13,58.99,59.29,58.65,12202238
2015-12-02,58.61,58.35,59.29,58.32,13586715
2015-12-03,58.69,59.04,59.66,58.60,15844032
2015-12-04,59.05,59.66,59.85,59.03,10434874
2015-12-07,59.57,60.50,60.73,59.57,11595928
2015-12-08,60.07,59.61,60.49,59.50,10377295
2015-12-09,59.26,59.13,60.11,58.90,8981982
2015-12-10,59.13,59.56,60.09,59.09,11359321
2015-12-11,59.05,59.36,59.53,58.81,9744402
2015-12-14,59.30,60.39,60.44,59.07,14523232
2015-12-15,60.64,59.64,60.84,59.57,14615039
2015-12-16,60.11,60.30,60.65,59.70,9958979
2015-12-17,60.33,58.98,60.33,58.97,12974739
2015-12-18,58.93,58.85,59.40,58.75,16234833
2015-12-21,58.82,59.55,59.58,58.67,9645451
2015-12-22,59.79,60.54,60.70,59.61,9266109
2015-12-23,61.00,61.09,61.12,60.44,7518901
2015-12-24,60.78,60.83,61.10,60.68,2483121
2015-12-28,60.58,60.75,60.97,60.50,5420862
2015-12-29,61.00,61.61,61.75,60.98,7882759
2015-12-30,61.66,61.68,61.87,61.49,5716045
2015-12-31,61.33,61.30,61.72,61.17,6575142
2016-01-04,60.50,61.46,61.49,60.36,11988933
2016-01-05,62.03,62.92,63.05,61.85,13325313
2016-01-06,62.48,63.55,63.95,62.47,16564074
2016-01-07,62.97,65.03,65.23,62.92,26427487
2016-01-08,65.08,63.54,65.41,63.41,17766216
2016-01-11,63.76,64.22,64.47,63.63,12653325
2016-01-12,64.38,63.62,64.73,63.43,12194283
2016-01-13,63.73,61.92,63.73,61.83,13722934
2016-01-14,62.00,63.06,63.62,61.82,12934566
2016-01-15,61.55,61.93,62.47,61.26,15173177
2016-01-19,62.25,62.56,62.80,62.01,13051305
2016-01-20,61.80,60.84,62.33,60.20,17368032
2016-01-21,60.98,61.88,62.79,60.91,12088980
2016-01-22,62.44,62.69,63.26,62.13,9197462
2016-01-25,62.78,63.45,63.82,62.55,12823415
2016-01-26,63.36,64.00,64.47,63.26,9441176
2016-01-27,64.10,63.95,65.18,63.89,10214163
2016-01-28,64.03,64.22,64.51,63.43,11278194
2016-01-29,64.75,66.36,66.53,64.74,16437904
2016-02-01,65.91,67.50,67.93,65.89,14727358
2016-02-02,67.30,66.86,67.84,66.28,13585429
2016-02-03,67.31,66.27,67.50,65.07,12315290
2016-02-04,65.76,66.42,66.55,65.01,12833366
2016-02-05,66.86,67.00,67.53,65.88,14195989
2016-02-08,66.50,66.90,67.15,65.16,20743404
2016-02-09,65.49,65.81,66.41,64.68,14642059
2016-02-10,66.19,65.79,66.59,65.65,9708996
2016-02-11,65.02,65.32,65.76,64.78,11186005
2016-02-12,65.52,66.18,66.25,64.87,9695201
2016-02-16,66.61,65.90,66.80,65.50,11357022
2016-02-17,66.10,66.11,66.61,65.81,12417334
2016-02-18,63.74,64.12,64.78,62.35,27894562
2016-02-19,63.89,64.66,64.77,63.44,15558412
2016-02-22,64.96,65.63,66.14,64.96,10586801
2016-02-23,65.84,66.48,66.60,65.28,11432011
2016-02-24,66.19,67.12,67.33,65.72,10288678
2016-02-25,67.45,68.04,68.13,67.33,9581195
2016-02-26,68.08,66.51,68.20,66.30,10982681
2016-02-29,66.63,66.34,66.95,66.22,9345004
2016-03-01,66.65,66.46,66.89,66.00,10427925
2016-03-02,66.21,66.21,66.67,66.00,9165033
2016-03-03,65.95,66.14,66.20,64.88,11846211
2016-03-04,66.14,66.78,67.28,66.09,10010539
2016-03-07,66.62,67.89,68.48,66.27,12825429
2016-03-08,67.73,68.04,68.47,67.49,10066651
2016-03-09,67.79,67.53,67.99,67.12,7824756
2016-03-10,67.55,67.41,68.04,66.40,10225809
2016-03-11,67.77,67.17,67.94,66.80,8290910
2016-03-14,67.15,67.36,67.67,66.96,6712410
2016-03-15,67.00,68.09,68.35,67.00,7566295
2016-03-16,67.94,67.99,68.34,67.25,8217421
2016-03-17,67.82,67.45,68.92,67.26,3744133
2016-03-18,67.48,66.95,68.03,66.75,23152641
2016-03-21,67.03,67.97,68.38,66.97,9415789
2016-03-22,68.00,67.87,68.68,67.79,7514506
2016-03-23,68.01,67.46,68.10,67.44,6110647
2016-03-24,67.43,68.00,68.04,67.38,6304682
2016-03-28,67.93,68.12,68.58,67.93,5603164
2016-03-29,68.15,68.03,68.21,67.43,6490158
2016-03-30,68.33,68.80,69.00,68.29,7208443
2016-03-31,68.75,68.49,69.19,68.47,6283490
2016-04-01,68.02,69.06,69.20,68.02,6602374
2016-04-04,69.00,69.10,69.37,68.92,6823360
2016-04-05,69.03,68.64,69.25,68.27,5779038
2016-04-06,68.70,69.04,69.06,68.52,5362697
2016-04-07,68.83,68.22,68.93,67.94,6110491
2016-04-08,68.31,68.06,68.39,67.86,6515993
2016-04-11,68.01,67.40,68.37,67.38,7865238
2016-04-12,67.57,68.80,68.87,67.45,7732679
2016-04-13,69.01,69.15,69.42,68.87,6262715
2016-04-14,69.15,68.80,69.24,68.15,6977130
2016-04-15,68.94,69.06,69.41,68.94,7584493
2016-04-18,69.05,69.86,69.90,68.85,6622352
2016-04-19,69.79,69.77,70.08,69.50,8199358
2016-04-20,69.76,69.21,69.99,69.13,5412547
2016-04-21,69.47,68.47,69.68,68.24,6617566
2016-04-22,68.82,68.72,68.94,68.28,6215117
2016-04-25,68.55,69.47,69.50,68.06,5896217
2016-04-26,69.70,69.30,69.89,69.10,6648430
2016-04-27,69.49,69.42,69.78,68.99,5147280
2016-04-28,69.07,68.91,69.62,68.75,4775929
2016-04-29,68.73,66.87,68.82,66.36,12098240
2016-05-02,66.62,67.59,67.70,66.53,7609625
2016-05-03,66.86,67.00,67.50,66.75,5922369
2016-05-04,66.85,67.19,67.49,66.44,6029518
2016-05-05,66.97,67.21,67.25,66.58,8090984
2016-05-06,66.91,68.25,68.26,66.80,9825160
2016-05-09,68.25,68.95,69.10,68.16,8656229
2016-05-10,68.92,68.79,69.13,68.45,6401832
2016-05-11,67.47,66.41,67.50,65.61,14596446
2016-05-12,66.55,66.85,67.05,66.38,9533363
2016-05-13,66.48,64.94,66.55,64.65,13744652
2016-05-16,64.86,66.02,66.35,64.68,10181445
2016-05-17,66.06,65.10,66.27,64.88,9252650
2016-05-18,63.02,63.15,63.78,62.72,22246563
2016-05-19,68.10,69.20,69.33,67.50,35073872
2016-05-20,69.33,69.86,70.14,68.85,16743193
2016-05-23,69.60,69.50,70.06,69.44,10099788
2016-05-24,69.65,70.24,70.42,69.55,8827986
2016-05-25,70.25,70.48,71.00,70.24,7269703
2016-05-26,70.69,70.85,71.38,70.60,8692426
2016-05-27,70.86,70.75,70.89,70.49,5773666
2016-05-31,70.58,70.78,71.00,70.48,8389484
2016-06-01,70.50,70.50,70.91,70.41,7221359
2016-06-02,70.50,70.95,71.00,70.15,6508334
2016-06-03,70.57,70.87,71.05,70.52,6374329
2016-06-06,71.52,71.05,71.55,71.00,9015943
2016-06-07,71.10,71.03,71.31,70.85,7363324
2016-06-08,70.85,71.28,71.45,70.80,6138989
2016-06-09,71.36,71.09,71.59,70.85,6069759
2016-06-10,71.00,71.14,71.41,70.68,7511406
2016-06-13,71.00,70.53,71.18,70.49,7907557
2016-06-14,70.66,70.95,71.17,70.20,9066382
2016-06-15,71.20,71.12,71.61,71.00,8016482
2016-06-16,71.00,71.30,71.46,70.80,6705181
2016-06-17,71.05,70.95,71.31,70.40,18059197
2016-06-20,71.31,71.10,71.78,71.05,7142422
2016-06-21,70.95,71.46,71.72,70.95,6674766
2016-06-22,71.60,71.75,72.25,71.57,8457509
2016-06-23,72.20,72.10,72.24,71.79,6969864
2016-06-24,70.55,71.96,72.72,70.51,15120033
2016-06-27,71.64,71.50,71.77,70.88,11346061
2016-06-28,71.76,71.51,71.87,70.67,8561177
2016-06-29,71.63,72.46,72.49,71.56,7014068
2016-06-30,72.57,73.02,73.19,72.32,8713485
2016-07-01,73.13,72.81,73.17,72.42,7638281
2016-07-05,72.75,73.14,73.62,72.68,10748626
2016-07-06,73.26,73.82,73.98,73.17,11062713
2016-07-07,73.73,73.53,73.93,73.15,7486861
2016-07-08,73.82,73.84,73.85,73.24,9127365
2016-07-11,73.67,74.06,74.35,73.50,9040070
2016-07-12,73.56,73.27,73.73,73.00,12361175
2016-07-13,73.25,73.62,73.63,72.94,6393886
2016-07-14,73.79,73.70,74.11,73.61,6646388
2016-07-15,73.98,73.67,74.01,73.44,5994480
2016-07-18,73.64,73.84,74.18,73.53,5457273
2016-07-19,73.64,73.66,73.96,73.58,4797883
2016-07-20,73.88,73.79,74.11,73.63,5281885
2016-07-21,73.43,73.52,73.66,73.14,4432231
2016-07-22,73.76,73.55,73.91,73.42,4316633
2016-07-25,73.55,73.75,73.83,73.41,4733874
2016-07-26,73.71,73.73,74.07,73.41,5248083
2016-07-27,73.66,73.32,73.82,73.14,5777816
2016-07-28,73.14,73.24,73.32,72.47,4603167
2016-07-29,73.17,72.97,73.25,72.76,6302187
2016-08-01,72.81,73.78,73.99,72.81,5866120
2016-08-02,73.70,73.13,73.72,72.63,6513056
2016-08-03,73.00,72.94,73.40,72.51,6567966
2016-08-05,73.46,73.76,73.95,73.46,5415442
2016-08-08,74.00,73.34,74.07,73.04,6577147
2016-08-09,73.36,73.54,73.88,73.08,6426625
2016-08-10,73.57,73.95,74.51,73.39,8052272
2016-08-11,74.50,73.80,74.80,73.53,6289628
2016-08-12,73.80,73.89,74.12,73.56,9993986
2016-08-15,73.81,73.32,74.01,73.11,9635148
2016-08-16,72.59,72.89,73.31,72.21,9763215
2016-08-17,71.99,72.93,72.95,71.99,14334825
2016-08-18,74.94,74.30,75.19,73.87,26855816
2016-08-19,74.10,72.81,74.29,72.67,15345664
2016-08-22,73.06,72.70,73.14,72.45,10311944
2016-08-23,72.89,71.97,73.07,71.96,9390940
2016-08-24,71.97,72.23,72.75,71.76,10050590
2016-08-25,72.37,71.22,72.58,71.05,10513910
2016-08-26,71.41,71.14,71.69,70.89,10038464
2016-08-29,71.14,71.40,71.66,71.10,7468088
2016-08-30,71.76,71.31,71.76,71.15,5772930
2016-08-31,71.46,71.44,71.64,71.15,6311615
2016-09-01,71.57,72.84,72.86,71.41,11760954
2016-09-02,72.99,72.50,73.19,72.42,8082939
2016-09-06,72.76,73.00,73.08,72.20,9569405
2016-09-07,73.00,72.06,73.05,72.01,9618272
2016-09-08,71.89,71.83,72.32,71.71,9661224
2016-09-09,71.32,70.30,71.51,70.30,12172369
2016-09-12,70.79,71.94,72.24,70.72,10863863
2016-09-13,71.84,71.46,71.91,71.15,7507688
2016-09-14,71.62,71.52,72.06,71.40,6980444
2016-09-15,71.48,72.40,72.56,71.26,7331924
2016-09-16,72.32,72.87,72.96,72.22,13935682
2016-09-19,72.64,72.09,72.87,72.09,6920427
2016-09-20,72.15,71.97,72.55,71.90,5910577
2016-09-21,72.18,72.19,72.54,71.51,6675884
2016-09-22,72.43,72.27,72.54,71.99,5869871
2016-09-23,72.60,72.35,72.77,72.34,7696443
2016-09-26,72.31,71.62,72.33,71.52,5948669
2016-09-27,71.93,72.33,72.49,71.58,6343357
2016-09-28,72.22,71.79,72.32,71.38,6184932
2016-09-29,71.57,70.73,71.71,70.62,7995407
2016-09-30,71.50,72.12,72.46,71.40,9972842
2016-10-03,71.83,72.01,72.15,71.60,5857743
2016-10-04,72.00,71.75,72.57,71.55,6569284
2016-10-05,71.87,71.67,72.27,71.60,6461614
2016-10-06,70.20,69.36,70.43,68.89,20109218
2016-10-07,69.26,68.70,69.47,68.17,12653797
2016-10-10,68.75,67.98,68.96,67.75,8988263
2016-10-11,67.95,67.39,67.96,67.30,8591494
2016-10-12,67.74,67.46,67.91,67.37,8939663
2016-10-13,67.19,68.23,68.54,67.07,9193719
2016-10-14,68.42,68.45,68.81,68.21,6415908
2016-10-17,68.65,68.22,68.65,67.80,7493385
2016-10-18,68.57,68.87,68.98,68.23,7857449
2016-10-19,69.22,68.89,69.34,68.69,7123273
2016-10-20,68.98,68.73,69.08,68.57,6292827
2016-10-21,68.34,68.34,68.63,67.99,7844583
2016-10-24,68.62,69.19,69.37,68.39,7163632
2016-10-25,69.01,69.36,69.87,69.00,7629748
2016-10-26,69.30,69.59,69.81,69.14,5050540
2016-10-27,69.60,69.83,70.00,69.39,7131613
2016-10-28,69.80,69.99,70.21,69.73,6952758
2016-10-31,70.06,70.02,70.17,69.85,6389047
2016-11-01,69.98,69.30,70.06,69.14,8838558
2016-11-02,69.20,69.45,69.97,69.20,7645275
2016-11-03,69.63,69.63,70.08,69.35,6803817
2016-11-04,69.71,69.16,69.94,69.13,7262105
2016-11-07,69.62,69.78,69.84,69.16,9755441
2016-11-08,69.71,69.79,70.04,69.47,7621195
2016-11-09,69.30,71.10,71.50,69.29,16779415
2016-11-10,71.25,71.39,72.09,71.00,14321257
2016-11-11,71.11,71.23,71.28,70.60,8223155
2016-11-14,71.16,70.49,71.31,70.19,12910875
2016-11-15,70.79,71.42,71.42,70.35,9724623
2016-11-16,71.75,71.39,72.06,71.33,11186413
2016-11-17,69.08,69.19,69.52,68.12,23436986
2016-11-18,68.93,68.54,69.40,68.44,11132591
2016-11-21,68.61,69.37,69.40,68.42,8355666
2016-11-22,69.73,70.12,70.42,69.73,10984049
2016-11-23,70.22,70.83,70.89,70.18,7442550
2016-11-25,71.11,71.23,71.65,70.98,4234383
2016-11-28,70.93,71.19,71.52,70.80,7099193
2016-11-29,71.38,71.37,71.79,71.20,7310014
2016-11-30,70.92,70.43,71.16,70.17,9326127
2016-12-01,70.25,70.67,70.73,70.05,6849703
2016-12-02,70.58,70.88,70.95,70.45,6674206
2016-12-05,70.90,69.94,70.99,69.81,10526679
2016-12-06,70.01,70.36,70.39,69.50,7778009
2016-12-07,69.93,70.60,70.65,69.90,6966187
2016-12-08,70.48,70.34,70.90,70.32,6844192
2016-12-09,70.27,70.08,70.43,69.74,10756553
2016-12-12,70.07,71.67,71.78,70.02,9083716
2016-12-13,71.67,71.80,72.23,71.61,8887510
2016-12-14,71.90,71.34,72.48,71.18,8668778
2016-12-15,71.22,71.08,71.80,71.03,7136295
2016-12-16,71.07,70.98,71.64,70.60,17832196
2016-12-19,70.84,71.58,71.75,70.84,5889328
2016-12-20,71.73,71.82,71.93,71.51,6108070
2016-12-21,71.66,71.24,72.00,71.24,5100967
2016-12-22,71.24,69.59,71.24,69.21,12106281
2016-12-23,69.43,69.54,69.75,69.36,4803947
2016-12-27,69.30,69.70,69.82,69.25,4435668
2016-12-28,69.94,69.31,70.00,69.26,4875601
2016-12-29,69.21,69.26,69.52,69.12,4298446
2016-12-30,69.12,69.12,69.43,68.83,6889478
2017-01-03,69.24,68.66,69.24,68.05,10473162
2017-01-04,68.66,69.06,69.63,68.60,7914816
2017-01-05,68.43,69.21,69.33,68.12,7099170
2017-01-06,68.41,68.26,68.50,68.01,9491085
2017-01-09,68.33,68.71,68.80,68.32,8684232
2017-01-10,68.64,68.23,69.27,68.22,10255992
2017-01-11,68.20,68.53,68.62,68.19,6697593
2017-01-12,68.36,67.97,68.56,67.92,6544406
2017-01-13,67.98,67.13,68.02,67.08,10012367
2017-01-17,68.09,68.42,69.29,68.06,13166936
2017-01-18,67.88,68.11,68.11,67.54,7319956
2017-01-19,68.13,67.62,68.19,67.48,6820673
2017-01-20,67.74,67.18,67.83,67.02,11811023
2017-01-23,67.01,66.65,67.18,66.56,7951427
2017-01-24,66.89,67.40,67.41,66.66,10710581
2017-01-25,67.52,66.89,67.73,66.79,8722172
2017-01-26,67.13,66.73,67.22,66.62,6503673
2017-01-27,66.86,65.66,66.97,65.28,13433494
2017-01-30,65.63,66.42,66.48,65.63,8641001
2017-01-31,66.21,66.74,66.89,65.88,9320780
2017-02-01,66.46,66.23,66.71,66.04,9049132
2017-02-02,66.34,66.70,67.14,66.34,8998639
2017-02-03,66.82,66.50,66.93,66.44,7625330
2017-02-06,66.37,66.40,66.86,66.37,9096689
2017-02-07,66.56,66.89,67.00,66.51,5805722
2017-02-08,66.89,67.81,67.82,66.89,7660755
2017-02-09,67.80,69.08,69.14,67.75,11080201
2017-02-10,68.25,68.02,68.60,67.76,12445582
2017-02-13,68.32,67.77,68.65,67.56,8374307
2017-02-14,67.88,68.66,68.68,67.71,8461821
2017-02-15,67.76,68.69,68.71,67.76,8563110
2017-02-16,68.67,68.87,69.24,68.61,8413783
2017-02-17,68.83,69.37,69.79,68.69,12835907
2017-02-21,71.21,71.45,72.28,70.70,22412493
2017-02-22,72.25,71.71,72.37,71.48,15242475
2017-02-23,72.00,71.31,72.50,71.16,12799111
2017-02-24,71.34,72.39,72.80,71.30,13889852
2017-02-27,72.28,71.74,72.42,71.53,9254602
2017-02-28,70.87,70.93,71.00,70.00,15952323
2017-03-01,70.97,70.45,71.08,70.15,13519542
2017-03-02,70.42,70.76,70.90,70.17,8916214
2017-03-03,70.81,70.03,71.02,69.88,9301921
2017-03-06,70.00,69.88,70.44,69.78,9182079
2017-03-07,69.90,69.87,70.21,69.86,7282442
2017-03-08,69.69,69.80,70.03,69.54,7979691
2017-03-09,69.75,69.86,70.04,69.56,7563930
2017-03-10,70.00,70.10,70.36,69.80,7095829
2017-03-13,69.99,69.95,70.45,69.71,6774660
2017-03-14,70.82,70.72,71.21,70.72,9958370
2017-03-15,70.50,70.58,70.70,70.02,8813734
2017-03-16,70.11,70.44,70.70,70.07,7060977
2017-03-17,70.58,69.89,70.75,69.81,14077001
2017-03-20,70.14,69.98,70.45,69.71,7466176
2017-03-21,70.17,69.90,70.40,69.69,8746812
2017-03-22,70.03,70.25,70.34,69.72,6455594
2017-03-23,70.20,69.86,70.31,69.75,6898745
2017-03-24,69.99,69.61,70.17,69.53,5858968
2017-03-27,69.52,69.66,70.07,69.36,5791586
2017-03-28,69.33,70.32,70.37,69.33,7252189
2017-03-29,70.35,70.74,71.18,70.31,6990836
2017-03-30,70.69,71.59,71.72,70.64,8141135
2017-03-31,71.32,72.08,72.56,71.23,9939755
2017-04-03,72.08,71.83,72.53,71.78,8291283
2017-04-04,71.74,72.01,72.06,71.53,5566767
2017-04-05,71.64,71.65,72.31,71.56,6354162
2017-04-06,71.70,71.43,72.10,71.38,5941103
2017-04-07,72.10,72.90,72.99,71.80,10767702
2017-04-10,72.99,73.06,73.48,72.73,7494285
2017-04-11,73.00,73.43,73.45,72.93,5810354
2017-04-12,73.55,73.44,73.83,73.25,6627103
2017-04-13,73.37,73.15,73.66,73.15,5336428
2017-04-17,73.16,73.49,73.58,73.15,5465408
2017-04-18,73.54,73.89,74.10,73.48,6627986
2017-04-19,74.10,74.07,74.38,73.86,5940559
2017-04-20,74.14,74.80,75.11,74.11,7681252
2017-04-21,74.74,74.94,75.11,74.60,5755541
2017-04-24,75.08,74.78,75.40,74.42,7812508
2017-04-25,74.97,75.05,75.17,74.86,5720064
2017-04-26,75.27,75.43,75.77,75.17,6948200
2017-04-27,75.54,75.44,75.70,75.02,6052169
2017-04-28,75.24,75.18,75.44,74.93,7330420
2017-05-01,75.09,75.23,75.72,75.09,6165545
2017-05-02,75.30,75.52,75.71,75.25,7318362
2017-05-03,75.40,75.76,75.88,75.18,5523624
2017-05-04,75.93,76.34,76.40,75.83,5500802
2017-05-05,76.42,76.50,76.60,76.18,5597419
2017-05-08,76.50,76.12,76.52,76.07,6511980
2017-05-09,76.44,76.72,77.05,76.33,8254682
2017-05-10,76.33,76.70,76.78,76.19,7511921
2017-05-11,76.35,76.13,76.72,75.93,8347363
2017-05-12,75.95,75.71,76.25,75.37,5892510
2017-05-15,75.80,76.29,76.47,75.80,8824273
2017-05-16,76.19,75.11,76.27,75.08,8371567
2017-05-17,75.05,75.12,75.73,74.96,10965467
2017-05-18,76.89,77.54,77.66,76.13,19161941
2017-05-19,77.97,78.77,79.44,77.77,18580016
2017-05-22,78.65,78.55,79.00,78.30,8894598
2017-05-23,78.58,78.49,78.97,78.44,7584938
2017-05-24,78.56,78.15,78.61,78.14,7502759
2017-05-25,78.36,78.31,78.85,78.15,6134952
2017-05-26,78.37,78.13,78.54,77.79,6125781
2017-05-30,78.00,78.15,78.40,77.93,5410346
2017-05-31,78.35,78.60,78.92,78.22,8201737
2017-06-01,78.64,79.81,79.81,78.60,8152339
2017-06-02,79.80,79.62,79.93,79.22,7996276
2017-06-05,79.60,80.26,80.47,79.48,10145527
2017-06-06,79.43,78.93,79.56,78.26,11525176
2017-06-07,79.08,79.15,79.50,78.73,8511339
2017-06-08,79.58,78.93,80.13,78.23,10932790
2017-06-09,79.03,79.42,79.56,78.72,9405124
2017-06-12,79.40,79.24,80.37,78.84,10410562
2017-06-13,79.21,79.52,79.57,78.89,5528030
2017-06-14,79.52,79.90,80.04,79.26,5006516
2017-06-15,79.18,78.91,79.30,77.76,11297169
2017-06-16,73.95,75.24,75.50,73.29,56228554
2017-06-19,75.38,75.50,76.01,74.52,16092987
2017-06-20,75.88,75.54,75.92,75.32,10018233
2017-06-21,75.60,76.24,76.61,75.58,9011173
2017-06-22,76.03,75.52,76.06,75.30,8111282
2017-06-23,75.60,74.84,75.78,74.55,13080330
2017-06-26,74.95,75.50,75.93,74.92,8586555
2017-06-27,75.52,76.01,76.37,75.45,6454294
2017-06-28,76.25,76.51,76.80,76.14,6988850
2017-06-29,76.25,75.93,76.32,75.49,7062628
2017-06-30,76.08,75.68,76.27,75.67,6962125
2017-07-03,75.84,75.36,76.34,75.08,4848564
2017-07-05,75.55,75.32,75.95,75.17,6037661
2017-07-06,75.35,75.47,75.97,75.24,6161845
2017-07-07,75.65,75.33,75.82,75.05,5307064
2017-07-10,75.15,73.23,75.31,73.13,15066010
2017-07-11,73.38,73.47,74.05,73.33,7531631
2017-07-12,73.66,73.94,74.21,73.66,5700157
2017-07-13,74.67,75.05,75.25,74.51,8160307
2017-07-14,76.27,76.34,76.56,75.91,9151546
2017-07-17,76.29,76.37,76.87,76.19,8835390
2017-07-18,76.25,76.20,76.54,76.00,4314853
2017-07-19,76.08,75.87,76.22,75.60,5308725
2017-07-20,75.98,76.02,76.25,75.70,4964678
2017-07-21,75.84,76.15,76.23,75.55,7153326
2017-07-24,76.03,76.89,77.16,76.03,7387735
2017-07-25,77.61,78.52,78.86,77.39,11503813
2017-07-26,78.55,78.90,79.17,77.94,6715924
2017-07-27,78.72,79.78,79.86,78.48,8052464
2017-07-28,79.80,79.81,79.96,79.54,4975116
2017-07-31,79.82,79.99,80.34,79.69,6262965
2017-08-01,80.25,80.50,80.73,80.00,5726547
2017-08-02,80.34,80.53,81.11,80.30,8672738
2017-08-03,81.34,80.87,81.76,80.67,9946698
2017-08-04,81.06,80.48,81.40,80.21,7137505
2017-08-07,80.57,81.28,81.45,80.54,5484512
2017-08-08,81.17,81.59,81.86,80.90,7380620
2017-08-09,81.11,81.61,81.99,80.90,6606207
2017-08-10,81.07,80.66,81.40,80.55,8044333
2017-08-11,80.73,80.40,81.25,80.36,7904417
2017-08-14,80.59,80.70,81.24,80.50,7792028
2017-08-15,80.83,80.77,81.40,80.54,7065545
2017-08-16,81.27,80.98,81.44,80.54,11521564
2017-08-17,78.85,79.70,79.81,78.33,17289781
2017-08-18,79.62,79.31,80.35,79.28,9751956
2017-08-21,79.12,79.71,80.07,78.79,9613928
2017-08-22,79.80,80.02,80.16,79.71,6546094
2017-08-23,80.35,79.96,80.56,79.88,7798517
2017-08-24,80.61,78.34,80.88,77.85,19127685
2017-08-25,78.50,78.63,79.09,78.48,9901659
2017-08-28,78.41,78.03,78.46,77.86,8620784
2017-08-29,77.67,78.77,78.98,77.50,7664829
2017-08-30,78.82,78.54,79.10,78.52,5829766
2017-08-31,78.60,78.07,78.75,78.06,8194100
2017-09-01,78.31,78.37,78.50,78.21,6473960
2017-09-05,77.95,79.80,79.89,77.90,12068490
2017-09-06,79.88,80.08,80.40,79.72,8425890
2017-09-07,80.32,80.12,80.76,80.00,6820652
2017-09-08,79.74,78.88,79.88,77.73,9999316
2017-09-11,79.15,79.08,79.35,78.66,7000212
2017-09-12,79.30,79.61,79.91,79.17,6004985
2017-09-13,79.61,79.86,80.68,79.59,8823696
2017-09-14,79.79,79.68,79.82,79.22,6939332
2017-09-15,79.81,80.38,80.75,79.27,13317357
2017-09-18,80.21,80.00,81.12,79.95,8175842
2017-09-19,80.18,80.05,80.46,79.70,6174258
2017-09-20,80.17,80.50,80.56,79.87,5318194
2017-09-21,80.57,80.01,80.57,79.72,6430256
2017-09-22,79.89,79.53,80.08,79.25,5755262
2017-09-25,78.92,79.15,80.10,78.86,8547788
2017-09-26,79.04,79.39,79.54,78.92,5835332
2017-09-27,79.42,79.29,79.57,78.67,6314523
2017-09-28,79.00,78.95,79.08,78.12,12372825
2017-09-29,78.85,78.14,79.00,77.98,10352940
2017-10-02,77.90,78.45,78.83,77.50,7709020
2017-10-03,78.83,79.22,79.66,78.75,7936742
2017-10-04,79.27,79.09,79.78,79.07,6173376
2017-10-05,79.17,79.41,79.81,79.08,5138019
2017-10-06,78.78,79.00,79.17,78.25,6246430
2017-10-09,79.93,80.53,81.38,79.40,13493044
2017-10-10,82.68,84.13,84.88,82.61,25123962
2017-10-11,84.58,85.73,86.29,84.10,18561005
2017-10-12,85.70,86.10,86.37,85.06,12876987
2017-10-13,86.24,86.62,86.95,86.24,9389049
2017-10-16,86.58,85.74,86.62,85.02,9300326
2017-10-17,85.50,85.98,86.36,85.32,5851546
2017-10-18,86.15,86.22,86.37,86.01,5472088
2017-10-19,86.15,86.40,86.66,85.77,7028958
2017-10-20,86.60,87.44,87.45,86.28,7617753
2017-10-23,87.34,88.65,88.92,87.26,10586033
2017-10-24,88.69,87.98,88.80,87.91,7700872
2017-10-25,87.85,88.48,88.60,87.43,6408003
2017-10-26,88.66,88.62,89.11,88.02,6484941
2017-10-27,88.14,88.17,88.39,87.15,6617000
2017-10-30,87.94,86.95,87.95,86.39,7051993
2017-10-31,86.86,87.31,87.46,86.60,6006933
2017-11-01,87.07,87.94,88.40,87.00,6176079
2017-11-02,88.28,88.80,89.17,87.80,5183089
2017-11-03,89.02,89.68,89.88,88.76,6512059
2017-11-06,89.42,88.70,89.68,88.68,5257445
2017-11-07,88.87,88.95,89.06,88.31,5349331
2017-11-08,89.11,90.26,90.42,89.10,6767543
2017-11-09,89.94,90.30,90.57,89.35,6904457
2017-11-10,90.24,90.92,91.69,90.20,7647801
2017-11-13,91.04,90.99,91.98,90.87,8491567
2017-11-14,90.70,91.09,91.20,90.18,9834133
2017-11-15,90.34,89.83,90.85,89.65,8433438
2017-11-16,95.12,99.62,99.68,94.72,38122384
2017-11-17,99.24,97.47,100.13,96.58,23575513
2017-11-20,96.44,97.48,97.64,95.76,16394324
2017-11-21,97.74,96.52,97.92,96.32,12746499
2017-11-22,96.65,96.41,96.81,96.11,8918247
2017-11-24,96.87,96.62,97.23,96.53,4496117
2017-11-27,96.85,96.62,97.65,96.30,8904890
2017-11-28,96.59,96.77,96.89,95.82,8709645
2017-11-29,97.22,97.56,98.26,96.88,11424004
2017-11-30,98.09,97.23,98.44,96.51,12854680
2017-12-01,97.61,97.35,97.71,96.23,8296198
2017-12-04,97.73,97.01,97.96,96.68,8956524
2017-12-05,97.00,97.83,97.94,96.92,9010067
2017-12-06,97.99,97.28,98.14,97.24,7140986
2017-12-07,97.06,96.78,97.58,96.65,7502602
2017-12-08,96.67,96.55,96.70,96.14,5821061
2017-12-11,96.44,96.93,97.27,96.29,8928919
2017-12-12,96.85,96.70,97.24,96.60,7810642
2017-12-13,96.66,97.76,97.91,96.55,7879383
2017-12-14,98.00,97.13,98.57,97.10,9385769
2017-12-15,97.71,97.11,98.49,96.91,16142788
2017-12-18,97.38,97.90,98.17,97.36,7964436
2017-12-19,99.91,98.80,99.91,98.29,12012168
2017-12-20,99.45,98.75,99.65,98.45,10729805
2017-12-21,99.00,98.06,99.33,97.98,7369128
2017-12-22,98.29,98.21,98.42,97.68,5478682
2017-12-26,98.35,99.16,99.44,98.35,4295891
2017-12-27,99.56,99.26,99.60,98.83,5140793
2017-12-28,99.52,99.40,99.62,99.12,9763936
2017-12-29,99.40,98.75,99.69,98.75,7144273
2018-01-02,99.30,98.59,99.79,98.52,10150490
2018-01-03,98.85,99.45,100.00,98.77,8903576
2018-01-04,99.54,99.54,99.78,98.91,6830407
2018-01-05,99.64,100.13,100.38,99.61,7283990
2018-01-08,100.25,101.61,101.75,100.21,8843872
2018-01-09,102.03,100.39,102.35,100.31,7312744
2018-01-10,99.75,99.67,99.89,98.53,7930420
2018-01-11,99.70,100.02,100.45,98.78,6537682
2018-01-12,100.39,100.87,101.44,100.30,6951178
2018-01-16,101.34,100.69,101.91,100.34,7170701
2018-01-17,101.15,102.70,102.94,100.70,8681944
2018-01-18,104.74,104.30,104.94,103.62,12307866
2018-01-19,104.64,104.59,104.93,103.66,8378580
2018-01-22,104.50,105.45,105.45,104.04,7308268
2018-01-23,105.29,105.90,106.15,104.57,8287814
2018-01-24,106.35,105.79,106.44,104.82,6823108
2018-01-25,105.85,106.60,106.81,105.85,5857136
2018-01-26,107.00,108.39,108.41,106.68,6786305
2018-01-29,108.11,109.55,109.98,107.99,8355204
2018-01-30,109.14,107.73,109.36,107.15,9180477
2018-01-31,107.77,106.60,108.18,106.07,9812836
2018-02-01,105.96,105.52,106.56,105.18,6386836
2018-02-02,105.15,104.48,106.47,104.15,9253068
2018-02-05,103.40,100.09,104.61,97.09,12561594
2018-02-06,97.64,100.90,101.08,97.25,16413797
2018-02-07,100.50,102.85,104.59,100.01,11165223
2018-02-08,103.23,100.02,103.48,100.00,13975058
2018-02-09,100.53,99.37,101.10,96.43,14184609
2018-02-12,100.13,99.55,100.45,98.80,9135144
2018-02-13,99.33,100.98,101.22,99.33,6622769
2018-02-14,100.86,101.70,102.25,100.21,7307584
2018-02-15,102.55,103.23,103.64,101.83,7494919
2018-02-16,103.09,104.78,104.94,101.98,16064310
2018-02-20,96.99,94.11,97.94,94.10,52088475
2018-02-21,95.11,91.52,95.34,91.24,49503726
2018-02-22,91.43,92.77,93.39,91.31,20364982
2018-02-23,92.88,92.89,93.49,91.76,12791460
2018-02-26,92.90,93.12,93.80,92.22,14699278
2018-02-27,93.63,91.52,93.72,91.51,13376071
2018-02-28,92.00,90.01,92.10,90.00,14143695
2018-03-01,90.17,89.08,90.18,87.71,18909571
2018-03-02,87.27,88.77,88.90,87.24,19043367
2018-03-05,88.14,89.98,90.50,88.07,13383214
2018-03-06,90.35,89.06,90.50,88.63,11054682
2018-03-07,87.98,87.74,88.53,87.34,11453034
2018-03-08,87.77,87.92,88.13,87.34,9588676
2018-03-09,88.24,88.72,88.72,87.53,9754352
2018-03-12,88.70,88.07,89.44,87.88,8474026
2018-03-13,88.39,88.30,88.90,87.98,7172984
2018-03-14,88.51,87.67,88.99,87.50,11040586
2018-03-15,87.68,87.51,88.79,85.90,16615179
2018-03-16,87.72,89.17,90.09,87.50,28395992
2018-03-19,88.91,87.45,89.08,87.10,12053365
2018-03-20,87.86,87.95,88.15,87.37,8257950
2018-03-21,87.89,88.18,89.68,87.68,11836041
2018-03-22,87.53,87.14,88.27,86.99,12248169
2018-03-23,87.35,85.42,87.74,85.28,10125050
2018-03-26,86.22,87.50,87.69,86.11,9199774
2018-03-27,87.96,86.05,88.04,85.48,6545769
2018-03-28,86.26,87.77,88.24,86.19,11576255
2018-03-29,87.90,88.97,89.34,87.77,9274565
2018-04-02,88.00,85.55,88.24,84.84,19128893
2018-04-03,86.25,86.80,86.95,85.55,9695513
2018-04-04,85.60,87.22,87.50,85.44,6536578
2018-04-05,87.60,87.81,88.35,87.05,6380937
2018-04-06,86.83,86.69,87.90,86.13,6349953
2018-04-09,86.85,86.28,87.45,86.24,8368142
2018-04-10,86.84,86.45,87.10,85.66,9728223
2018-04-11,86.00,85.91,86.86,85.80,6278985
2018-04-12,86.19,85.43,86.83,85.41,6856320
2018-04-13,85.89,86.02,86.27,85.19,7559151
2018-04-16,86.20,86.84,87.65,86.12,7020673
2018-04-17,87.48,87.90,88.17,87.41,6801912
2018-04-18,88.20,87.57,88.56,87.51,5854040
2018-04-19,87.41,87.89,88.04,86.58,6588348
2018-04-20,87.87,86.98,88.38,86.67,8324886
2018-04-23,86.89,86.10,87.08,86.02,7360466
2018-04-24,86.77,86.53,86.91,85.57,8469716
2018-04-25,86.32,87.17,87.70,85.89,6760352
2018-04-26,87.17,87.94,88.32,86.90,5782548
2018-04-27,87.87,87.29,87.90,87.08,5651105
2018-04-30,87.94,88.46,89.66,87.92,8685876
2018-05-01,87.67,87.41,88.01,86.35,6957660
2018-05-02,87.13,86.34,87.25,86.16,6082960
2018-05-03,86.19,86.23,86.29,85.12,6876105
2018-05-04,86.00,87.53,88.10,85.36,6971479
2018-05-07,87.49,85.47,87.50,85.27,10783644
2018-05-08,85.52,85.74,85.85,84.92,6551439
2018-05-09,82.56,83.06,83.68,82.00,32265233
2018-05-10,82.64,82.69,83.77,82.01,15857647
2018-05-11,82.69,83.38,83.52,81.95,9934779
2018-05-14,83.89,84.39,84.79,83.65,9499241
2018-05-15,84.06,84.52,84.88,83.80,9322923
2018-05-16,84.87,86.13,86.63,84.74,13733627
2018-05-17,87.04,84.49,87.59,83.85,29720738
2018-05-18,84.24,83.64,84.44,83.49,12043137
2018-05-21,84.14,84.51,84.54,83.82,10715741
2018-05-22,84.50,83.37,84.81,83.29,8067349
2018-05-23,82.95,83.01,83.02,82.17,9399188
2018-05-24,83.00,82.85,83.00,81.78,8576228
2018-05-25,82.85,82.46,83.34,82.32,5913537
2018-05-29,81.96,82.40,82.52,81.81,8428164
2018-05-30,82.45,84.12,84.23,82.26,9314100
2018-05-31,83.94,82.54,84.31,82.51,11468708
2018-06-01,83.04,82.99,83.42,82.85,5237864
2018-06-04,83.50,85.42,85.52,83.30,10921966
2018-06-05,85.45,84.62,85.47,84.25,8281419
2018-06-06,84.95,84.56,85.15,84.35,7362807
2018-06-07,84.78,84.95,85.76,84.69,7705710
2018-06-08,84.78,84.36,85.19,84.14,7602411
2018-06-11,84.41,84.30,84.54,83.79,6252274
2018-06-12,84.32,84.10,84.59,83.47,8061710
2018-06-13,83.89,84.09,84.37,83.85,6358420
2018-06-14,84.22,83.79,84.81,83.67,7517427
2018-06-15,83.50,83.70,83.99,83.06,12503000
2018-06-18,83.05,83.00,83.57,82.82,8502338
2018-06-19,82.60,83.61,83.62,82.37,9352518
2018-06-20,83.71,83.61,83.82,83.16,7966579
2018-06-21,83.40,84.21,84.55,82.90,8091999
2018-06-22,84.46,84.82,84.85,84.10,11005783
2018-06-25,84.59,86.47,86.60,84.48,15939481
2018-06-26,86.53,85.98,87.05,85.76,10126155
2018-06-27,85.90,86.89,87.49,85.55,10299652
2018-06-28,86.85,85.86,87.29,85.69,8466965
2018-06-29,85.90,85.65,86.20,85.52,8260329
2018-07-02,85.65,84.00,85.94,83.40,8125148
2018-07-03,84.09,84.44,85.05,84.09,4396238
2018-07-05,84.94,84.57,85.58,84.27,5367491
2018-07-06,84.20,84.51,84.87,83.82,5623594
2018-07-09,85.00,85.93,86.47,84.77,6575426
2018-07-10,85.93,87.21,87.33,85.88,6048406
2018-07-11,87.06,86.53,87.15,86.39,5595886
2018-07-12,86.94,86.52,87.41,86.22,4889002
2018-07-13,86.52,87.70,87.99,86.50,6394443
2018-07-16,87.62,87.64,87.72,86.83,4447219
2018-07-17,87.40,88.19,88.70,87.40,5911529
2018-07-18,88.33,88.07,89.19,87.94,5045531
2018-07-19,87.86,87.72,88.48,87.41,4883093
2018-07-20,87.40,88.06,88.17,87.20,4821730
2018-07-23,87.65,87.63,88.15,87.38,4149954
2018-07-24,88.12,87.96,88.50,87.61,5589503
2018-07-25,87.27,87.90,88.02,87.11,5796286
2018-07-26,88.50,88.23,89.43,88.18,6548424
2018-07-27,88.64,88.13,88.88,88.03,4679671
2018-07-30,88.00,88.88,88.94,87.89,6010739
2018-07-31,89.00,89.23,89.66,88.80,6708520
2018-08-01,88.86,88.24,89.13,87.88,5049950
2018-08-02,87.94,88.76,88.84,87.62,4306354
2018-08-03,89.19,89.60,90.28,89.00,5747195
2018-08-06,89.31,89.67,89.98,89.13,4651630
2018-08-07,89.83,89.77,90.36,89.65,4526669
2018-08-08,89.97,90.05,90.23,89.37,5041896
2018-08-09,89.46,89.01,89.63,88.76,4727871
2018-08-10,88.70,90.18,90.37,88.65,8244853
2018-08-13,90.20,89.64,90.54,89.37,5879641
2018-08-14,89.64,90.85,91.12,89.63,5836806
2018-08-15,90.25,90.22,90.41,89.67,8616900
2018-08-16,100.11,98.64,100.21,97.91,42631271
2018-08-17,97.77,97.85,99.67,97.61,16463337
2018-08-20,97.67,96.00,98.29,95.95,12679293
2018-08-21,95.96,96.08,96.36,95.36,10531269
2018-08-22,96.20,95.67,96.85,95.23,7765671
2018-08-23,95.50,95.18,95.86,95.06,6096381
2018-08-24,95.09,94.95,95.66,94.35,8594514
2018-08-27,95.26,94.54,95.61,94.29,7040258
2018-08-28,94.77,96.07,96.35,94.53,9983002
2018-08-29,96.28,95.64,96.83,95.53,7862835
2018-08-30,95.50,96.10,96.50,95.45,7058718
2018-08-31,96.19,95.86,96.44,95.11,6324813
2018-09-04,95.80,95.36,96.27,95.24,8280741
2018-09-05,95.67,96.62,96.83,95.36,9474608
2018-09-06,96.53,96.45,96.72,96.01,6150827
2018-09-07,95.80,95.83,96.48,95.64,6672449
2018-09-10,96.11,96.90,97.19,96.09,8332605
2018-09-11,97.27,96.64,97.66,96.49,6463535
2018-09-12,96.26,95.97,96.74,95.93,5900027
2018-09-13,95.32,95.12,95.62,94.91,7652921
2018-09-14,94.53,94.59,94.84,94.35,6319383
2018-09-17,94.75,94.82,95.48,94.37,5329819
2018-09-18,94.46,95.43,95.59,94.15,6760152
2018-09-19,95.57,95.24,95.89,94.88,5675135
2018-09-20,95.35,95.75,95.79,94.95,5552332
2018-09-21,95.92,95.90,96.29,95.63,9530133
2018-09-24,95.44,94.92,96.00,94.86,5336981
2018-09-25,95.99,95.10,96.52,94.99,6193224
2018-09-26,95.10,94.59,95.59,94.52,5918606
2018-09-27,94.19,94.13,94.96,93.82,5363446
2018-09-28,94.28,93.91,94.37,93.69,6306274
2018-10-01,94.29,94.40,94.66,94.04,4995466
2018-10-02,93.93,95.15,95.61,93.85,7754550
2018-10-03,95.50,94.07,95.54,94.04,6327390
2018-10-04,94.07,94.21,94.50,93.20,6045259
2018-10-05,93.86,93.31,94.19,92.89,6693436
2018-10-08,93.25,94.69,94.93,93.02,5762769
2018-10-09,95.64,97.08,97.74,95.19,11598892
2018-10-10,96.60,95.76,97.85,95.70,9002831
2018-10-11,95.81,93.92,96.29,93.60,9926549
2018-10-12,94.76,94.81,95.17,93.67,8553947
2018-10-15,94.50,93.82,94.99,93.82,8305499
2018-10-16,94.70,95.81,96.07,94.34,11241700
2018-10-17,95.18,96.56,96.62,94.90,9539386
2018-10-18,96.40,96.17,97.25,95.74,11398373
2018-10-19,96.00,97.15,97.65,96.00,8950724
2018-10-22,97.34,97.14,97.58,96.74,7122857
2018-10-23,96.50,97.80,97.99,96.11,9405824
2018-10-24,97.50,97.56,99.17,97.28,10364712
2018-10-25,98.01,99.18,99.48,97.00,10737074
2018-10-26,98.81,98.94,99.67,98.02,14925551
2018-10-29,99.51,99.80,101.73,99.09,12706113
2018-10-30,100.21,102.42,102.60,100.06,12708524
2018-10-31,102.49,100.28,102.49,100.12,12354910
2018-11-01,99.96,100.58,101.17,99.72,7735073
2018-11-02,100.88,101.34,101.57,100.31,7303209
2018-11-05,101.19,102.91,103.17,100.63,7616825
2018-11-06,102.54,103.33,103.44,102.05,6368692
2018-11-07,103.66,104.32,104.47,103.05,8672606
2018-11-08,104.33,104.88,105.26,104.03,5961422
2018-11-09,105.00,105.56,105.90,104.81,8450355
2018-11-12,105.50,103.87,106.21,103.65,8943081
2018-11-13,103.67,102.94,104.15,102.54,7956688
2018-11-14,103.00,101.53,103.15,101.01,10481867
2018-11-15,102.32,99.54,102.80,98.62,16082589
2018-11-16,98.82,97.69,99.42,96.92,14235231
2018-11-19,97.94,96.78,98.25,96.43,9214374
2018-11-20,94.98,94.16,95.20,93.60,12620558
2018-11-21,94.36,94.17,94.92,93.31,9350945
2018-11-23,94.13,95.10,95.55,94.13,4889960
2018-11-26,95.69,95.15,96.07,94.74,10034600
2018-11-27,94.99,95.04,95.54,94.41,9042279
2018-11-28,95.45,97.46,97.62,95.05,10070783
2018-11-29,97.02,97.29,97.83,96.74,6241336
2018-11-30,97.40,97.65,98.43,97.07,10664031
2018-12-03,98.02,98.75,99.59,97.67,9081821
2018-12-04,98.25,95.81,98.96,95.61,10426289
2018-12-06,94.94,94.77,95.41,93.10,10367150
2018-12-07,94.50,93.19,95.13,92.45,8496467
2018-12-10,93.56,93.94,94.25,92.34,7276905
2018-12-11,94.25,93.85,94.49,93.25,6452637
2018-12-12,94.30,93.11,94.30,93.06,9639226
2018-12-13,93.25,92.96,93.68,92.43,8042272
2018-12-14,92.05,91.85,92.56,91.57,11493836
2018-12-17,91.22,90.77,92.01,90.16,9001756
2018-12-18,90.80,91.08,91.26,90.28,9606749
2018-12-19,91.29,90.55,93.00,90.25,12231728
2018-12-20,90.11,87.28,90.11,86.14,16373834
2018-12-21,86.87,87.13,89.47,86.80,14921547
2018-12-24,86.54,85.82,87.57,85.78,6110310
2018-12-26,86.42,90.41,90.42,86.30,10028292
2018-12-27,89.75,91.59,91.61,88.44,9881506
2018-12-28,92.07,92.13,93.47,91.65,9873973
2018-12-31,92.67,93.15,93.39,92.25,7006026
2019-01-02,91.64,93.34,93.65,91.64,8152733
2019-01-03,93.21,92.86,94.71,92.70,8277289
2019-01-04,93.21,93.44,93.66,92.69,8029144
2019-01-07,93.62,94.54,95.17,93.18,7789701
2019-01-08,95.06,95.20,95.76,93.91,7200912
2019-01-09,95.71,94.89,96.14,94.77,6272293
2019-01-10,93.88,94.96,94.98,93.12,9396271
2019-01-11,94.99,94.84,95.29,94.55,5394592
2019-01-14,94.48,94.95,95.45,94.28,7085094
2019-01-15,95.47,96.25,96.60,95.38,7058230
2019-01-16,95.93,96.35,96.86,95.83,5409950
2019-01-17,96.32,96.74,97.21,96.16,5614489
2019-01-18,96.95,97.73,98.20,96.85,6120643
2019-01-22,97.15,97.49,98.43,96.78,8063202
2019-01-23,98.87,98.71,99.35,97.53,8345750
2019-01-24,98.20,98.36,98.46,96.43,7609746
2019-01-25,98.75,96.94,98.91,96.75,7222089
2019-01-28,96.53,97.06,97.07,96.08,5875781
2019-01-29,96.77,96.71,97.16,96.51,5253370
2019-01-30,96.68,94.80,96.80,94.26,11849337
2019-01-31,94.63,95.83,96.87,94.63,14722988
2019-02-01,95.92,93.86,96.00,93.11,12591922
2019-02-04,93.86,94.77,94.77,93.35,7268629
2019-02-05,95.25,95.60,95.94,95.02,6099857
2019-02-06,95.43,95.64,96.01,95.22,4264855
2019-02-07,95.11,96.73,96.82,95.00,7010368
2019-02-08,96.34,95.58,96.69,95.14,6169180
2019-02-11,95.65,96.20,96.35,95.64,5238095
2019-02-12,96.82,96.97,97.17,96.50,5518201
2019-02-13,97.30,97.94,98.00,97.09,5274836
2019-02-14,97.68,98.52,99.20,97.02,7098536
2019-02-15,98.98,99.99,100.00,98.87,9409776
2019-02-19,102.38,102.20,104.18,102.07,20629119
2019-02-20,101.81,99.88,102.34,98.65,17214291
2019-02-21,99.66,99.39,99.92,98.91,6363935
2019-02-22,99.82,99.55,100.16,99.14,7756236
2019-02-25,100.12,99.12,100.13,99.05,9074027
2019-02-26,99.02,98.69,99.06,97.87,8320157
2019-02-28,98.11,98.99,99.47,97.77,11375927
2019-03-01,99.47,97.93,99.56,97.12,10352471
2019-03-04,98.12,97.85,98.59,97.37,7683837
2019-03-05,98.13,98.34,99.19,98.09,5982762
2019-03-06,98.27,98.26,99.00,97.86,4679542
2019-03-07,97.71,97.45,98.20,97.24,5915101
2019-03-08,97.55,97.59,98.42,97.00,5629344
2019-03-11,98.04,98.48,98.58,97.82,5058181
2019-03-12,98.53,98.37,98.74,98.05,4909293
2019-03-13,98.70,99.03,99.35,98.39,5453347
2019-03-14,98.41,98.22,98.43,97.59,4900291
2019-03-15,98.28,98.42,98.51,97.60,14424267
2019-03-18,98.30,99.66,99.77,98.26,5382200
2019-03-19,99.99,99.85,100.49,99.57,5365521
2019-03-20,99.20,98.64,99.55,98.54,6167746
2019-03-21,98.25,99.06,99.13,98.10,6258907
2019-03-22,98.58,98.28,99.53,97.94,6554318
2019-03-25,97.80,98.17,98.62,97.63,4973211
2019-03-26,98.36,98.32,98.85,98.03,4936063
2019-03-28,97.59,97.13,97.87,96.53,8054324
